[2026-09-04 06:52:24] local.ERROR: Command "run" is not defined.

Did you mean one of these?
    cache:prune-stale-tags
    model:prune
    queue:prune-batches
    queue:prune-failed
    sanctum:prune-expired
    schedule:run {"exception":"[object] (Symfony\\Component\\Console\\Exception\\CommandNotFoundException(code: 0): Command \"run\" is not defined.

Did you mean one of these?
    cache:prune-stale-tags
    model:prune
    queue:prune-batches
    queue:prune-failed
    sanctum:prune-expired
    schedule:run at C:/xampp8.1.17/htdocs/chatroom-app1/vendor/symfony/console/Application.php:745)
[stacktrace]
#0 C:/xampp8.1.17/htdocs/chatroom-app1/vendor/symfony/console/Application.php(266): Symfony/Component/Console/Application->find('run')
#1 C:/xampp8.1.17/htdocs/chatroom-app1/vendor/symfony/console/Application.php(175): Symfony/Component/Console/Application->doRun(Object(Symfony/Component/Console/Input/ArgvInput), Object(Symfony/Component/Console/Output/ConsoleOutput))
#2 C:/xampp8.1.17/htdocs/chatroom-app1/vendor/laravel/framework/src/Illuminate/Foundation/Console/Kernel.php(201): Symfony/Component/Console/Application->run(Object(Symfony/Component/Console/Input/ArgvInput), Object(Symfony/Component/Console/Output/ConsoleOutput))
#3 C:/xampp8.1.17/htdocs/chatroom-app1/artisan(37): Illuminate/Foundation/Console/Kernel->handle(Object(Symfony/Component/Console/Input/ArgvInput), Object(Symfony/Component/Console/Output/ConsoleOutput))
#4 {main}
"} 
[2026-09-04 06:52:50] local.ERROR: Method Illuminate\Database\Schema\Blueprint::code does not exist. {"exception":"[object] (BadMethodCallException(code: 0): Method Illuminate\\Database\\Schema\\Blueprint::code does not exist. at C:/xampp8.1.17/htdocs/chatroom-app1/vendor/laravel/framework/src/Illuminate/Macroable/Traits/Macroable.php:112)
[stacktrace]
#0 C:/xampp8.1.17/htdocs/chatroom-app1/database/migrations/2026_09_04_064202_create_roooms_table.php(16): Illuminate/Database/Schema/Blueprint->__call('code', Array)
#1 C:/xampp8.1.17/htdocs/chatroom-app1/vendor/laravel/framework/src/Illuminate/Database/Schema/Builder.php(459): Illuminate/Database/Migrations/Migration@anonymous->{closure}(Object(Illuminate/Database/Schema/Blueprint))
#2 C:/xampp8.1.17/htdocs/chatroom-app1/vendor/laravel/framework/src/Illuminate/Support/helpers.php(320): Illuminate/Database/Schema/Builder->Illuminate/Database/Schema/{closure}(Object(Illuminate/Database/Schema/Blueprint))
#3 C:/xampp8.1.17/htdocs/chatroom-app1/vendor/laravel/framework/src/Illuminate/Database/Schema/Builder.php(460): tap(Object(Illuminate/Database/Schema/Blueprint), Object(Closure))
#4 C:/xampp8.1.17/htdocs/chatroom-app1/vendor/laravel/framework/src/Illuminate/Support/Facades/Facade.php(355): Illuminate/Database/Schema/Builder->create('roooms', Object(Closure))
#5 C:/xampp8.1.17/htdocs/chatroom-app1/database/migrations/2026_09_04_064202_create_roooms_table.php(19): Illuminate/Support/Facades/Facade::__callStatic('create', Array)
#6 C:/xampp8.1.17/htdocs/chatroom-app1/vendor/laravel/framework/src/Illuminate/Database/Migrations/Migrator.php(501): Illuminate/Database/Migrations/Migration@anonymous->up()
#7 C:/xampp8.1.17/htdocs/chatroom-app1/vendor/laravel/framework/src/Illuminate/Database/Migrations/Migrator.php(418): Illuminate/Database/Migrations/Migrator->runMethod(Object(Illuminate/Database/MySqlConnection), Object(Illuminate/Database/Migrations/Migration@anonymous), 'up')
#8 C:/xampp8.1.17/htdocs/chatroom-app1/vendor/laravel/framework/src/Illuminate/Database/Migrations/Migrator.php(427): Illuminate/Database/Migrations/Migrator->Illuminate/Database/Migrations/{closure}()
#9 C:/xampp8.1.17/htdocs/chatroom-app1/vendor/laravel/framework/src/Illuminate/Database/Migrations/Migrator.php(224): Illuminate/Database/Migrations/Migrator->runMigration(Object(Illuminate/Database/Migrations/Migration@anonymous), 'up')
#10 C:/xampp8.1.17/htdocs/chatroom-app1/vendor/laravel/framework/src/Illuminate/Console/View/Components/Task.php(37): Illuminate/Database/Migrations/Migrator->Illuminate/Database/Migrations/{closure}()
#11 C:/xampp8.1.17/htdocs/chatroom-app1/vendor/laravel/framework/src/Illuminate/Database/Migrations/Migrator.php(783): Illuminate/Console/View/Components/Task->render('2026_09_04_0642...', Object(Closure))
#12 C:/xampp8.1.17/htdocs/chatroom-app1/vendor/laravel/framework/src/Illuminate/Database/Migrations/Migrator.php(224): Illuminate/Database/Migrations/Migrator->write('Illuminate//Cons...', '2026_09_04_0642...', Object(Closure))
#13 C:/xampp8.1.17/htdocs/chatroom-app1/vendor/laravel/framework/src/Illuminate/Database/Migrations/Migrator.php(189): Illuminate/Database/Migrations/Migrator->runUp('C://xampp8.1.17//...', 2, false)
#14 C:/xampp8.1.17/htdocs/chatroom-app1/vendor/laravel/framework/src/Illuminate/Database/Migrations/Migrator.php(132): Illuminate/Database/Migrations/Migrator->runPending(Array, Array)
#15 C:/xampp8.1.17/htdocs/chatroom-app1/vendor/laravel/framework/src/Illuminate/Database/Console/Migrations/MigrateCommand.php(92): Illuminate/Database/Migrations/Migrator->run(Array, Array)
#16 C:/xampp8.1.17/htdocs/chatroom-app1/vendor/laravel/framework/src/Illuminate/Database/Migrations/Migrator.php(641): Illuminate/Database/Console/Migrations/MigrateCommand->Illuminate/Database/Console/Migrations/{closure}()
#17 C:/xampp8.1.17/htdocs/chatroom-app1/vendor/laravel/framework/src/Illuminate/Database/Console/Migrations/MigrateCommand.php(104): Illuminate/Database/Migrations/Migrator->usingConnection(NULL, Object(Closure))
#18 C:/xampp8.1.17/htdocs/chatroom-app1/vendor/laravel/framework/src/Illuminate/Container/BoundMethod.php(36): Illuminate/Database/Console/Migrations/MigrateCommand->handle()
#19 C:/xampp8.1.17/htdocs/chatroom-app1/vendor/laravel/framework/src/Illuminate/Container/Util.php(41): Illuminate/Container/BoundMethod::Illuminate/Container/{closure}()
#20 C:/xampp8.1.17/htdocs/chatroom-app1/vendor/laravel/framework/src/Illuminate/Container/BoundMethod.php(93): Illuminate/Container/Util::unwrapIfClosure(Object(Closure))
#21 C:/xampp8.1.17/htdocs/chatroom-app1/vendor/laravel/framework/src/Illuminate/Container/BoundMethod.php(37): Illuminate/Container/BoundMethod::callBoundMethod(Object(Illuminate/Foundation/Application), Array, Object(Closure))
#22 C:/xampp8.1.17/htdocs/chatroom-app1/vendor/laravel/framework/src/Illuminate/Container/Container.php(662): Illuminate/Container/BoundMethod::call(Object(Illuminate/Foundation/Application), Array, Array, NULL)
#23 C:/xampp8.1.17/htdocs/chatroom-app1/vendor/laravel/framework/src/Illuminate/Console/Command.php(211): Illuminate/Container/Container->call(Array)
#24 C:/xampp8.1.17/htdocs/chatroom-app1/vendor/symfony/console/Command/Command.php(326): Illuminate/Console/Command->execute(Object(Symfony/Component/Console/Input/ArgvInput), Object(Illuminate/Console/OutputStyle))
#25 C:/xampp8.1.17/htdocs/chatroom-app1/vendor/laravel/framework/src/Illuminate/Console/Command.php(181): Symfony/Component/Console/Command/Command->run(Object(Symfony/Component/Console/Input/ArgvInput), Object(Illuminate/Console/OutputStyle))
#26 C:/xampp8.1.17/htdocs/chatroom-app1/vendor/symfony/console/Application.php(1121): Illuminate/Console/Command->run(Object(Symfony/Component/Console/Input/ArgvInput), Object(Symfony/Component/Console/Output/ConsoleOutput))
#27 C:/xampp8.1.17/htdocs/chatroom-app1/vendor/symfony/console/Application.php(324): Symfony/Component/Console/Application->doRunCommand(Object(Illuminate/Database/Console/Migrations/MigrateCommand), Object(Symfony/Component/Console/Input/ArgvInput), Object(Symfony/Component/Console/Output/ConsoleOutput))
#28 C:/xampp8.1.17/htdocs/chatroom-app1/vendor/symfony/console/Application.php(175): Symfony/Component/Console/Application->doRun(Object(Symfony/Component/Console/Input/ArgvInput), Object(Symfony/Component/Console/Output/ConsoleOutput))
#29 C:/xampp8.1.17/htdocs/chatroom-app1/vendor/laravel/framework/src/Illuminate/Foundation/Console/Kernel.php(201): Symfony/Component/Console/Application->run(Object(Symfony/Component/Console/Input/ArgvInput), Object(Symfony/Component/Console/Output/ConsoleOutput))
#30 C:/xampp8.1.17/htdocs/chatroom-app1/artisan(37): Illuminate/Foundation/Console/Kernel->handle(Object(Symfony/Component/Console/Input/ArgvInput), Object(Symfony/Component/Console/Output/ConsoleOutput))
#31 {main}
"} 
[2026-09-04 06:58:45] local.ERROR: SQLSTATE[HY000]: General error: 1005 Can't create table `laravel`.`chat_message_tbl` (errno: 150 "Foreign key constraint is incorrectly formed") (Connection: mysql, SQL: alter table `chat_message_tbl` add constraint `chat_message_tbl_code_foreign` foreign key (`code`) references `roooms` (`id`)) {"exception":"[object] (Illuminate\\Database\\QueryException(code: HY000): SQLSTATE[HY000]: General error: 1005 Can't create table `laravel`.`chat_message_tbl` (errno: 150 \"Foreign key constraint is incorrectly formed\") (Connection: mysql, SQL: alter table `chat_message_tbl` add constraint `chat_message_tbl_code_foreign` foreign key (`code`) references `roooms` (`id`)) at C:/xampp8.1.17/htdocs/chatroom-app1/vendor/laravel/framework/src/Illuminate/Database/Connection.php:829)
[stacktrace]
#0 C:/xampp8.1.17/htdocs/chatroom-app1/vendor/laravel/framework/src/Illuminate/Database/Connection.php(783): Illuminate/Database/Connection->runQueryCallback('alter table `ch...', Array, Object(Closure))
#1 C:/xampp8.1.17/htdocs/chatroom-app1/vendor/laravel/framework/src/Illuminate/Database/Connection.php(588): Illuminate/Database/Connection->run('alter table `ch...', Array, Object(Closure))
#2 C:/xampp8.1.17/htdocs/chatroom-app1/vendor/laravel/framework/src/Illuminate/Database/Schema/Blueprint.php(110): Illuminate/Database/Connection->statement('alter table `ch...')
#3 C:/xampp8.1.17/htdocs/chatroom-app1/vendor/laravel/framework/src/Illuminate/Database/Schema/Builder.php(602): Illuminate/Database/Schema/Blueprint->build(Object(Illuminate/Database/MySqlConnection), Object(Illuminate/Database/Schema/Grammars/MySqlGrammar))
#4 C:/xampp8.1.17/htdocs/chatroom-app1/vendor/laravel/framework/src/Illuminate/Database/Schema/Builder.php(460): Illuminate/Database/Schema/Builder->build(Object(Illuminate/Database/Schema/Blueprint))
#5 C:/xampp8.1.17/htdocs/chatroom-app1/vendor/laravel/framework/src/Illuminate/Support/Facades/Facade.php(355): Illuminate/Database/Schema/Builder->create('chat_message_tb...', Object(Closure))
#6 C:/xampp8.1.17/htdocs/chatroom-app1/database/migrations/2026_09_04_065039_create_chat_message_tbl.php(20): Illuminate/Support/Facades/Facade::__callStatic('create', Array)
#7 C:/xampp8.1.17/htdocs/chatroom-app1/vendor/laravel/framework/src/Illuminate/Database/Migrations/Migrator.php(501): Illuminate/Database/Migrations/Migration@anonymous->up()
#8 C:/xampp8.1.17/htdocs/chatroom-app1/vendor/laravel/framework/src/Illuminate/Database/Migrations/Migrator.php(418): Illuminate/Database/Migrations/Migrator->runMethod(Object(Illuminate/Database/MySqlConnection), Object(Illuminate/Database/Migrations/Migration@anonymous), 'up')
#9 C:/xampp8.1.17/htdocs/chatroom-app1/vendor/laravel/framework/src/Illuminate/Database/Migrations/Migrator.php(427): Illuminate/Database/Migrations/Migrator->Illuminate/Database/Migrations/{closure}()
#10 C:/xampp8.1.17/htdocs/chatroom-app1/vendor/laravel/framework/src/Illuminate/Database/Migrations/Migrator.php(224): Illuminate/Database/Migrations/Migrator->runMigration(Object(Illuminate/Database/Migrations/Migration@anonymous), 'up')
#11 C:/xampp8.1.17/htdocs/chatroom-app1/vendor/laravel/framework/src/Illuminate/Console/View/Components/Task.php(37): Illuminate/Database/Migrations/Migrator->Illuminate/Database/Migrations/{closure}()
#12 C:/xampp8.1.17/htdocs/chatroom-app1/vendor/laravel/framework/src/Illuminate/Database/Migrations/Migrator.php(783): Illuminate/Console/View/Components/Task->render('2026_09_04_0650...', Object(Closure))
#13 C:/xampp8.1.17/htdocs/chatroom-app1/vendor/laravel/framework/src/Illuminate/Database/Migrations/Migrator.php(224): Illuminate/Database/Migrations/Migrator->write('Illuminate//Cons...', '2026_09_04_0650...', Object(Closure))
#14 C:/xampp8.1.17/htdocs/chatroom-app1/vendor/laravel/framework/src/Illuminate/Database/Migrations/Migrator.php(189): Illuminate/Database/Migrations/Migrator->runUp('C://xampp8.1.17//...', 3, false)
#15 C:/xampp8.1.17/htdocs/chatroom-app1/vendor/laravel/framework/src/Illuminate/Database/Migrations/Migrator.php(132): Illuminate/Database/Migrations/Migrator->runPending(Array, Array)
#16 C:/xampp8.1.17/htdocs/chatroom-app1/vendor/laravel/framework/src/Illuminate/Database/Console/Migrations/MigrateCommand.php(92): Illuminate/Database/Migrations/Migrator->run(Array, Array)
#17 C:/xampp8.1.17/htdocs/chatroom-app1/vendor/laravel/framework/src/Illuminate/Database/Migrations/Migrator.php(641): Illuminate/Database/Console/Migrations/MigrateCommand->Illuminate/Database/Console/Migrations/{closure}()
#18 C:/xampp8.1.17/htdocs/chatroom-app1/vendor/laravel/framework/src/Illuminate/Database/Console/Migrations/MigrateCommand.php(104): Illuminate/Database/Migrations/Migrator->usingConnection(NULL, Object(Closure))
#19 C:/xampp8.1.17/htdocs/chatroom-app1/vendor/laravel/framework/src/Illuminate/Container/BoundMethod.php(36): Illuminate/Database/Console/Migrations/MigrateCommand->handle()
#20 C:/xampp8.1.17/htdocs/chatroom-app1/vendor/laravel/framework/src/Illuminate/Container/Util.php(41): Illuminate/Container/BoundMethod::Illuminate/Container/{closure}()
#21 C:/xampp8.1.17/htdocs/chatroom-app1/vendor/laravel/framework/src/Illuminate/Container/BoundMethod.php(93): Illuminate/Container/Util::unwrapIfClosure(Object(Closure))
#22 C:/xampp8.1.17/htdocs/chatroom-app1/vendor/laravel/framework/src/Illuminate/Container/BoundMethod.php(37): Illuminate/Container/BoundMethod::callBoundMethod(Object(Illuminate/Foundation/Application), Array, Object(Closure))
#23 C:/xampp8.1.17/htdocs/chatroom-app1/vendor/laravel/framework/src/Illuminate/Container/Container.php(662): Illuminate/Container/BoundMethod::call(Object(Illuminate/Foundation/Application), Array, Array, NULL)
#24 C:/xampp8.1.17/htdocs/chatroom-app1/vendor/laravel/framework/src/Illuminate/Console/Command.php(211): Illuminate/Container/Container->call(Array)
#25 C:/xampp8.1.17/htdocs/chatroom-app1/vendor/symfony/console/Command/Command.php(326): Illuminate/Console/Command->execute(Object(Symfony/Component/Console/Input/ArgvInput), Object(Illuminate/Console/OutputStyle))
#26 C:/xampp8.1.17/htdocs/chatroom-app1/vendor/laravel/framework/src/Illuminate/Console/Command.php(181): Symfony/Component/Console/Command/Command->run(Object(Symfony/Component/Console/Input/ArgvInput), Object(Illuminate/Console/OutputStyle))
#27 C:/xampp8.1.17/htdocs/chatroom-app1/vendor/symfony/console/Application.php(1121): Illuminate/Console/Command->run(Object(Symfony/Component/Console/Input/ArgvInput), Object(Symfony/Component/Console/Output/ConsoleOutput))
#28 C:/xampp8.1.17/htdocs/chatroom-app1/vendor/symfony/console/Application.php(324): Symfony/Component/Console/Application->doRunCommand(Object(Illuminate/Database/Console/Migrations/MigrateCommand), Object(Symfony/Component/Console/Input/ArgvInput), Object(Symfony/Component/Console/Output/ConsoleOutput))
#29 C:/xampp8.1.17/htdocs/chatroom-app1/vendor/symfony/console/Application.php(175): Symfony/Component/Console/Application->doRun(Object(Symfony/Component/Console/Input/ArgvInput), Object(Symfony/Component/Console/Output/ConsoleOutput))
#30 C:/xampp8.1.17/htdocs/chatroom-app1/vendor/laravel/framework/src/Illuminate/Foundation/Console/Kernel.php(201): Symfony/Component/Console/Application->run(Object(Symfony/Component/Console/Input/ArgvInput), Object(Symfony/Component/Console/Output/ConsoleOutput))
#31 C:/xampp8.1.17/htdocs/chatroom-app1/artisan(37): Illuminate/Foundation/Console/Kernel->handle(Object(Symfony/Component/Console/Input/ArgvInput), Object(Symfony/Component/Console/Output/ConsoleOutput))
#32 {main}

[previous exception] [object] (PDOException(code: HY000): SQLSTATE[HY000]: General error: 1005 Can't create table `laravel`.`chat_message_tbl` (errno: 150 \"Foreign key constraint is incorrectly formed\") at C:/xampp8.1.17/htdocs/chatroom-app1/vendor/laravel/framework/src/Illuminate/Database/Connection.php:587)
[stacktrace]
#0 C:/xampp8.1.17/htdocs/chatroom-app1/vendor/laravel/framework/src/Illuminate/Database/Connection.php(587): PDOStatement->execute()
#1 C:/xampp8.1.17/htdocs/chatroom-app1/vendor/laravel/framework/src/Illuminate/Database/Connection.php(816): Illuminate/Database/Connection->Illuminate/Database/{closure}('alter table `ch...', Array)
#2 C:/xampp8.1.17/htdocs/chatroom-app1/vendor/laravel/framework/src/Illuminate/Database/Connection.php(783): Illuminate/Database/Connection->runQueryCallback('alter table `ch...', Array, Object(Closure))
#3 C:/xampp8.1.17/htdocs/chatroom-app1/vendor/laravel/framework/src/Illuminate/Database/Connection.php(588): Illuminate/Database/Connection->run('alter table `ch...', Array, Object(Closure))
#4 C:/xampp8.1.17/htdocs/chatroom-app1/vendor/laravel/framework/src/Illuminate/Database/Schema/Blueprint.php(110): Illuminate/Database/Connection->statement('alter table `ch...')
#5 C:/xampp8.1.17/htdocs/chatroom-app1/vendor/laravel/framework/src/Illuminate/Database/Schema/Builder.php(602): Illuminate/Database/Schema/Blueprint->build(Object(Illuminate/Database/MySqlConnection), Object(Illuminate/Database/Schema/Grammars/MySqlGrammar))
#6 C:/xampp8.1.17/htdocs/chatroom-app1/vendor/laravel/framework/src/Illuminate/Database/Schema/Builder.php(460): Illuminate/Database/Schema/Builder->build(Object(Illuminate/Database/Schema/Blueprint))
#7 C:/xampp8.1.17/htdocs/chatroom-app1/vendor/laravel/framework/src/Illuminate/Support/Facades/Facade.php(355): Illuminate/Database/Schema/Builder->create('chat_message_tb...', Object(Closure))
#8 C:/xampp8.1.17/htdocs/chatroom-app1/database/migrations/2026_09_04_065039_create_chat_message_tbl.php(20): Illuminate/Support/Facades/Facade::__callStatic('create', Array)
#9 C:/xampp8.1.17/htdocs/chatroom-app1/vendor/laravel/framework/src/Illuminate/Database/Migrations/Migrator.php(501): Illuminate/Database/Migrations/Migration@anonymous->up()
#10 C:/xampp8.1.17/htdocs/chatroom-app1/vendor/laravel/framework/src/Illuminate/Database/Migrations/Migrator.php(418): Illuminate/Database/Migrations/Migrator->runMethod(Object(Illuminate/Database/MySqlConnection), Object(Illuminate/Database/Migrations/Migration@anonymous), 'up')
#11 C:/xampp8.1.17/htdocs/chatroom-app1/vendor/laravel/framework/src/Illuminate/Database/Migrations/Migrator.php(427): Illuminate/Database/Migrations/Migrator->Illuminate/Database/Migrations/{closure}()
#12 C:/xampp8.1.17/htdocs/chatroom-app1/vendor/laravel/framework/src/Illuminate/Database/Migrations/Migrator.php(224): Illuminate/Database/Migrations/Migrator->runMigration(Object(Illuminate/Database/Migrations/Migration@anonymous), 'up')
#13 C:/xampp8.1.17/htdocs/chatroom-app1/vendor/laravel/framework/src/Illuminate/Console/View/Components/Task.php(37): Illuminate/Database/Migrations/Migrator->Illuminate/Database/Migrations/{closure}()
#14 C:/xampp8.1.17/htdocs/chatroom-app1/vendor/laravel/framework/src/Illuminate/Database/Migrations/Migrator.php(783): Illuminate/Console/View/Components/Task->render('2026_09_04_0650...', Object(Closure))
#15 C:/xampp8.1.17/htdocs/chatroom-app1/vendor/laravel/framework/src/Illuminate/Database/Migrations/Migrator.php(224): Illuminate/Database/Migrations/Migrator->write('Illuminate//Cons...', '2026_09_04_0650...', Object(Closure))
#16 C:/xampp8.1.17/htdocs/chatroom-app1/vendor/laravel/framework/src/Illuminate/Database/Migrations/Migrator.php(189): Illuminate/Database/Migrations/Migrator->runUp('C://xampp8.1.17//...', 3, false)
#17 C:/xampp8.1.17/htdocs/chatroom-app1/vendor/laravel/framework/src/Illuminate/Database/Migrations/Migrator.php(132): Illuminate/Database/Migrations/Migrator->runPending(Array, Array)
#18 C:/xampp8.1.17/htdocs/chatroom-app1/vendor/laravel/framework/src/Illuminate/Database/Console/Migrations/MigrateCommand.php(92): Illuminate/Database/Migrations/Migrator->run(Array, Array)
#19 C:/xampp8.1.17/htdocs/chatroom-app1/vendor/laravel/framework/src/Illuminate/Database/Migrations/Migrator.php(641): Illuminate/Database/Console/Migrations/MigrateCommand->Illuminate/Database/Console/Migrations/{closure}()
#20 C:/xampp8.1.17/htdocs/chatroom-app1/vendor/laravel/framework/src/Illuminate/Database/Console/Migrations/MigrateCommand.php(104): Illuminate/Database/Migrations/Migrator->usingConnection(NULL, Object(Closure))
#21 C:/xampp8.1.17/htdocs/chatroom-app1/vendor/laravel/framework/src/Illuminate/Container/BoundMethod.php(36): Illuminate/Database/Console/Migrations/MigrateCommand->handle()
#22 C:/xampp8.1.17/htdocs/chatroom-app1/vendor/laravel/framework/src/Illuminate/Container/Util.php(41): Illuminate/Container/BoundMethod::Illuminate/Container/{closure}()
#23 C:/xampp8.1.17/htdocs/chatroom-app1/vendor/laravel/framework/src/Illuminate/Container/BoundMethod.php(93): Illuminate/Container/Util::unwrapIfClosure(Object(Closure))
#24 C:/xampp8.1.17/htdocs/chatroom-app1/vendor/laravel/framework/src/Illuminate/Container/BoundMethod.php(37): Illuminate/Container/BoundMethod::callBoundMethod(Object(Illuminate/Foundation/Application), Array, Object(Closure))
#25 C:/xampp8.1.17/htdocs/chatroom-app1/vendor/laravel/framework/src/Illuminate/Container/Container.php(662): Illuminate/Container/BoundMethod::call(Object(Illuminate/Foundation/Application), Array, Array, NULL)
#26 C:/xampp8.1.17/htdocs/chatroom-app1/vendor/laravel/framework/src/Illuminate/Console/Command.php(211): Illuminate/Container/Container->call(Array)
#27 C:/xampp8.1.17/htdocs/chatroom-app1/vendor/symfony/console/Command/Command.php(326): Illuminate/Console/Command->execute(Object(Symfony/Component/Console/Input/ArgvInput), Object(Illuminate/Console/OutputStyle))
#28 C:/xampp8.1.17/htdocs/chatroom-app1/vendor/laravel/framework/src/Illuminate/Console/Command.php(181): Symfony/Component/Console/Command/Command->run(Object(Symfony/Component/Console/Input/ArgvInput), Object(Illuminate/Console/OutputStyle))
#29 C:/xampp8.1.17/htdocs/chatroom-app1/vendor/symfony/console/Application.php(1121): Illuminate/Console/Command->run(Object(Symfony/Component/Console/Input/ArgvInput), Object(Symfony/Component/Console/Output/ConsoleOutput))
#30 C:/xampp8.1.17/htdocs/chatroom-app1/vendor/symfony/console/Application.php(324): Symfony/Component/Console/Application->doRunCommand(Object(Illuminate/Database/Console/Migrations/MigrateCommand), Object(Symfony/Component/Console/Input/ArgvInput), Object(Symfony/Component/Console/Output/ConsoleOutput))
#31 C:/xampp8.1.17/htdocs/chatroom-app1/vendor/symfony/console/Application.php(175): Symfony/Component/Console/Application->doRun(Object(Symfony/Component/Console/Input/ArgvInput), Object(Symfony/Component/Console/Output/ConsoleOutput))
#32 C:/xampp8.1.17/htdocs/chatroom-app1/vendor/laravel/framework/src/Illuminate/Foundation/Console/Kernel.php(201): Symfony/Component/Console/Application->run(Object(Symfony/Component/Console/Input/ArgvInput), Object(Symfony/Component/Console/Output/ConsoleOutput))
#33 C:/xampp8.1.17/htdocs/chatroom-app1/artisan(37): Illuminate/Foundation/Console/Kernel->handle(Object(Symfony/Component/Console/Input/ArgvInput), Object(Symfony/Component/Console/Output/ConsoleOutput))
#34 {main}
"} 
[2026-09-04 07:01:36] local.ERROR: SQLSTATE[42S01]: Base table or view already exists: 1050 Table 'chat_message_tbl' already exists (Connection: mysql, SQL: create table `chat_message_tbl` (`id` bigint unsigned not null auto_increment primary key, `code` varchar(255) not null, `message` varchar(255) not null, `sender` varchar(255) not null, `created_at` timestamp null, `updated_at` timestamp null) default character set utf8mb4 collate 'utf8mb4_unicode_ci') {"exception":"[object] (Illuminate\\Database\\QueryException(code: 42S01): SQLSTATE[42S01]: Base table or view already exists: 1050 Table 'chat_message_tbl' already exists (Connection: mysql, SQL: create table `chat_message_tbl` (`id` bigint unsigned not null auto_increment primary key, `code` varchar(255) not null, `message` varchar(255) not null, `sender` varchar(255) not null, `created_at` timestamp null, `updated_at` timestamp null) default character set utf8mb4 collate 'utf8mb4_unicode_ci') at C:/xampp8.1.17/htdocs/chatroom-app1/vendor/laravel/framework/src/Illuminate/Database/Connection.php:829)
[stacktrace]
#0 C:/xampp8.1.17/htdocs/chatroom-app1/vendor/laravel/framework/src/Illuminate/Database/Connection.php(783): Illuminate/Database/Connection->runQueryCallback('create table `c...', Array, Object(Closure))
#1 C:/xampp8.1.17/htdocs/chatroom-app1/vendor/laravel/framework/src/Illuminate/Database/Connection.php(588): Illuminate/Database/Connection->run('create table `c...', Array, Object(Closure))
#2 C:/xampp8.1.17/htdocs/chatroom-app1/vendor/laravel/framework/src/Illuminate/Database/Schema/Blueprint.php(110): Illuminate/Database/Connection->statement('create table `c...')
#3 C:/xampp8.1.17/htdocs/chatroom-app1/vendor/laravel/framework/src/Illuminate/Database/Schema/Builder.php(602): Illuminate/Database/Schema/Blueprint->build(Object(Illuminate/Database/MySqlConnection), Object(Illuminate/Database/Schema/Grammars/MySqlGrammar))
#4 C:/xampp8.1.17/htdocs/chatroom-app1/vendor/laravel/framework/src/Illuminate/Database/Schema/Builder.php(460): Illuminate/Database/Schema/Builder->build(Object(Illuminate/Database/Schema/Blueprint))
#5 C:/xampp8.1.17/htdocs/chatroom-app1/vendor/laravel/framework/src/Illuminate/Support/Facades/Facade.php(355): Illuminate/Database/Schema/Builder->create('chat_message_tb...', Object(Closure))
#6 C:/xampp8.1.17/htdocs/chatroom-app1/database/migrations/2026_09_04_065039_create_chat_message_tbl.php(20): Illuminate/Support/Facades/Facade::__callStatic('create', Array)
#7 C:/xampp8.1.17/htdocs/chatroom-app1/vendor/laravel/framework/src/Illuminate/Database/Migrations/Migrator.php(501): Illuminate/Database/Migrations/Migration@anonymous->up()
#8 C:/xampp8.1.17/htdocs/chatroom-app1/vendor/laravel/framework/src/Illuminate/Database/Migrations/Migrator.php(418): Illuminate/Database/Migrations/Migrator->runMethod(Object(Illuminate/Database/MySqlConnection), Object(Illuminate/Database/Migrations/Migration@anonymous), 'up')
#9 C:/xampp8.1.17/htdocs/chatroom-app1/vendor/laravel/framework/src/Illuminate/Database/Migrations/Migrator.php(427): Illuminate/Database/Migrations/Migrator->Illuminate/Database/Migrations/{closure}()
#10 C:/xampp8.1.17/htdocs/chatroom-app1/vendor/laravel/framework/src/Illuminate/Database/Migrations/Migrator.php(224): Illuminate/Database/Migrations/Migrator->runMigration(Object(Illuminate/Database/Migrations/Migration@anonymous), 'up')
#11 C:/xampp8.1.17/htdocs/chatroom-app1/vendor/laravel/framework/src/Illuminate/Console/View/Components/Task.php(37): Illuminate/Database/Migrations/Migrator->Illuminate/Database/Migrations/{closure}()
#12 C:/xampp8.1.17/htdocs/chatroom-app1/vendor/laravel/framework/src/Illuminate/Database/Migrations/Migrator.php(783): Illuminate/Console/View/Components/Task->render('2026_09_04_0650...', Object(Closure))
#13 C:/xampp8.1.17/htdocs/chatroom-app1/vendor/laravel/framework/src/Illuminate/Database/Migrations/Migrator.php(224): Illuminate/Database/Migrations/Migrator->write('Illuminate//Cons...', '2026_09_04_0650...', Object(Closure))
#14 C:/xampp8.1.17/htdocs/chatroom-app1/vendor/laravel/framework/src/Illuminate/Database/Migrations/Migrator.php(189): Illuminate/Database/Migrations/Migrator->runUp('C://xampp8.1.17//...', 3, false)
#15 C:/xampp8.1.17/htdocs/chatroom-app1/vendor/laravel/framework/src/Illuminate/Database/Migrations/Migrator.php(132): Illuminate/Database/Migrations/Migrator->runPending(Array, Array)
#16 C:/xampp8.1.17/htdocs/chatroom-app1/vendor/laravel/framework/src/Illuminate/Database/Console/Migrations/MigrateCommand.php(92): Illuminate/Database/Migrations/Migrator->run(Array, Array)
#17 C:/xampp8.1.17/htdocs/chatroom-app1/vendor/laravel/framework/src/Illuminate/Database/Migrations/Migrator.php(641): Illuminate/Database/Console/Migrations/MigrateCommand->Illuminate/Database/Console/Migrations/{closure}()
#18 C:/xampp8.1.17/htdocs/chatroom-app1/vendor/laravel/framework/src/Illuminate/Database/Console/Migrations/MigrateCommand.php(104): Illuminate/Database/Migrations/Migrator->usingConnection(NULL, Object(Closure))
#19 C:/xampp8.1.17/htdocs/chatroom-app1/vendor/laravel/framework/src/Illuminate/Container/BoundMethod.php(36): Illuminate/Database/Console/Migrations/MigrateCommand->handle()
#20 C:/xampp8.1.17/htdocs/chatroom-app1/vendor/laravel/framework/src/Illuminate/Container/Util.php(41): Illuminate/Container/BoundMethod::Illuminate/Container/{closure}()
#21 C:/xampp8.1.17/htdocs/chatroom-app1/vendor/laravel/framework/src/Illuminate/Container/BoundMethod.php(93): Illuminate/Container/Util::unwrapIfClosure(Object(Closure))
#22 C:/xampp8.1.17/htdocs/chatroom-app1/vendor/laravel/framework/src/Illuminate/Container/BoundMethod.php(37): Illuminate/Container/BoundMethod::callBoundMethod(Object(Illuminate/Foundation/Application), Array, Object(Closure))
#23 C:/xampp8.1.17/htdocs/chatroom-app1/vendor/laravel/framework/src/Illuminate/Container/Container.php(662): Illuminate/Container/BoundMethod::call(Object(Illuminate/Foundation/Application), Array, Array, NULL)
#24 C:/xampp8.1.17/htdocs/chatroom-app1/vendor/laravel/framework/src/Illuminate/Console/Command.php(211): Illuminate/Container/Container->call(Array)
#25 C:/xampp8.1.17/htdocs/chatroom-app1/vendor/symfony/console/Command/Command.php(326): Illuminate/Console/Command->execute(Object(Symfony/Component/Console/Input/ArgvInput), Object(Illuminate/Console/OutputStyle))
#26 C:/xampp8.1.17/htdocs/chatroom-app1/vendor/laravel/framework/src/Illuminate/Console/Command.php(181): Symfony/Component/Console/Command/Command->run(Object(Symfony/Component/Console/Input/ArgvInput), Object(Illuminate/Console/OutputStyle))
#27 C:/xampp8.1.17/htdocs/chatroom-app1/vendor/symfony/console/Application.php(1121): Illuminate/Console/Command->run(Object(Symfony/Component/Console/Input/ArgvInput), Object(Symfony/Component/Console/Output/ConsoleOutput))
#28 C:/xampp8.1.17/htdocs/chatroom-app1/vendor/symfony/console/Application.php(324): Symfony/Component/Console/Application->doRunCommand(Object(Illuminate/Database/Console/Migrations/MigrateCommand), Object(Symfony/Component/Console/Input/ArgvInput), Object(Symfony/Component/Console/Output/ConsoleOutput))
#29 C:/xampp8.1.17/htdocs/chatroom-app1/vendor/symfony/console/Application.php(175): Symfony/Component/Console/Application->doRun(Object(Symfony/Component/Console/Input/ArgvInput), Object(Symfony/Component/Console/Output/ConsoleOutput))
#30 C:/xampp8.1.17/htdocs/chatroom-app1/vendor/laravel/framework/src/Illuminate/Foundation/Console/Kernel.php(201): Symfony/Component/Console/Application->run(Object(Symfony/Component/Console/Input/ArgvInput), Object(Symfony/Component/Console/Output/ConsoleOutput))
#31 C:/xampp8.1.17/htdocs/chatroom-app1/artisan(37): Illuminate/Foundation/Console/Kernel->handle(Object(Symfony/Component/Console/Input/ArgvInput), Object(Symfony/Component/Console/Output/ConsoleOutput))
#32 {main}

[previous exception] [object] (PDOException(code: 42S01): SQLSTATE[42S01]: Base table or view already exists: 1050 Table 'chat_message_tbl' already exists at C:/xampp8.1.17/htdocs/chatroom-app1/vendor/laravel/framework/src/Illuminate/Database/Connection.php:587)
[stacktrace]
#0 C:/xampp8.1.17/htdocs/chatroom-app1/vendor/laravel/framework/src/Illuminate/Database/Connection.php(587): PDOStatement->execute()
#1 C:/xampp8.1.17/htdocs/chatroom-app1/vendor/laravel/framework/src/Illuminate/Database/Connection.php(816): Illuminate/Database/Connection->Illuminate/Database/{closure}('create table `c...', Array)
#2 C:/xampp8.1.17/htdocs/chatroom-app1/vendor/laravel/framework/src/Illuminate/Database/Connection.php(783): Illuminate/Database/Connection->runQueryCallback('create table `c...', Array, Object(Closure))
#3 C:/xampp8.1.17/htdocs/chatroom-app1/vendor/laravel/framework/src/Illuminate/Database/Connection.php(588): Illuminate/Database/Connection->run('create table `c...', Array, Object(Closure))
#4 C:/xampp8.1.17/htdocs/chatroom-app1/vendor/laravel/framework/src/Illuminate/Database/Schema/Blueprint.php(110): Illuminate/Database/Connection->statement('create table `c...')
#5 C:/xampp8.1.17/htdocs/chatroom-app1/vendor/laravel/framework/src/Illuminate/Database/Schema/Builder.php(602): Illuminate/Database/Schema/Blueprint->build(Object(Illuminate/Database/MySqlConnection), Object(Illuminate/Database/Schema/Grammars/MySqlGrammar))
#6 C:/xampp8.1.17/htdocs/chatroom-app1/vendor/laravel/framework/src/Illuminate/Database/Schema/Builder.php(460): Illuminate/Database/Schema/Builder->build(Object(Illuminate/Database/Schema/Blueprint))
#7 C:/xampp8.1.17/htdocs/chatroom-app1/vendor/laravel/framework/src/Illuminate/Support/Facades/Facade.php(355): Illuminate/Database/Schema/Builder->create('chat_message_tb...', Object(Closure))
#8 C:/xampp8.1.17/htdocs/chatroom-app1/database/migrations/2026_09_04_065039_create_chat_message_tbl.php(20): Illuminate/Support/Facades/Facade::__callStatic('create', Array)
#9 C:/xampp8.1.17/htdocs/chatroom-app1/vendor/laravel/framework/src/Illuminate/Database/Migrations/Migrator.php(501): Illuminate/Database/Migrations/Migration@anonymous->up()
#10 C:/xampp8.1.17/htdocs/chatroom-app1/vendor/laravel/framework/src/Illuminate/Database/Migrations/Migrator.php(418): Illuminate/Database/Migrations/Migrator->runMethod(Object(Illuminate/Database/MySqlConnection), Object(Illuminate/Database/Migrations/Migration@anonymous), 'up')
#11 C:/xampp8.1.17/htdocs/chatroom-app1/vendor/laravel/framework/src/Illuminate/Database/Migrations/Migrator.php(427): Illuminate/Database/Migrations/Migrator->Illuminate/Database/Migrations/{closure}()
#12 C:/xampp8.1.17/htdocs/chatroom-app1/vendor/laravel/framework/src/Illuminate/Database/Migrations/Migrator.php(224): Illuminate/Database/Migrations/Migrator->runMigration(Object(Illuminate/Database/Migrations/Migration@anonymous), 'up')
#13 C:/xampp8.1.17/htdocs/chatroom-app1/vendor/laravel/framework/src/Illuminate/Console/View/Components/Task.php(37): Illuminate/Database/Migrations/Migrator->Illuminate/Database/Migrations/{closure}()
#14 C:/xampp8.1.17/htdocs/chatroom-app1/vendor/laravel/framework/src/Illuminate/Database/Migrations/Migrator.php(783): Illuminate/Console/View/Components/Task->render('2026_09_04_0650...', Object(Closure))
#15 C:/xampp8.1.17/htdocs/chatroom-app1/vendor/laravel/framework/src/Illuminate/Database/Migrations/Migrator.php(224): Illuminate/Database/Migrations/Migrator->write('Illuminate//Cons...', '2026_09_04_0650...', Object(Closure))
#16 C:/xampp8.1.17/htdocs/chatroom-app1/vendor/laravel/framework/src/Illuminate/Database/Migrations/Migrator.php(189): Illuminate/Database/Migrations/Migrator->runUp('C://xampp8.1.17//...', 3, false)
#17 C:/xampp8.1.17/htdocs/chatroom-app1/vendor/laravel/framework/src/Illuminate/Database/Migrations/Migrator.php(132): Illuminate/Database/Migrations/Migrator->runPending(Array, Array)
#18 C:/xampp8.1.17/htdocs/chatroom-app1/vendor/laravel/framework/src/Illuminate/Database/Console/Migrations/MigrateCommand.php(92): Illuminate/Database/Migrations/Migrator->run(Array, Array)
#19 C:/xampp8.1.17/htdocs/chatroom-app1/vendor/laravel/framework/src/Illuminate/Database/Migrations/Migrator.php(641): Illuminate/Database/Console/Migrations/MigrateCommand->Illuminate/Database/Console/Migrations/{closure}()
#20 C:/xampp8.1.17/htdocs/chatroom-app1/vendor/laravel/framework/src/Illuminate/Database/Console/Migrations/MigrateCommand.php(104): Illuminate/Database/Migrations/Migrator->usingConnection(NULL, Object(Closure))
#21 C:/xampp8.1.17/htdocs/chatroom-app1/vendor/laravel/framework/src/Illuminate/Container/BoundMethod.php(36): Illuminate/Database/Console/Migrations/MigrateCommand->handle()
#22 C:/xampp8.1.17/htdocs/chatroom-app1/vendor/laravel/framework/src/Illuminate/Container/Util.php(41): Illuminate/Container/BoundMethod::Illuminate/Container/{closure}()
#23 C:/xampp8.1.17/htdocs/chatroom-app1/vendor/laravel/framework/src/Illuminate/Container/BoundMethod.php(93): Illuminate/Container/Util::unwrapIfClosure(Object(Closure))
#24 C:/xampp8.1.17/htdocs/chatroom-app1/vendor/laravel/framework/src/Illuminate/Container/BoundMethod.php(37): Illuminate/Container/BoundMethod::callBoundMethod(Object(Illuminate/Foundation/Application), Array, Object(Closure))
#25 C:/xampp8.1.17/htdocs/chatroom-app1/vendor/laravel/framework/src/Illuminate/Container/Container.php(662): Illuminate/Container/BoundMethod::call(Object(Illuminate/Foundation/Application), Array, Array, NULL)
#26 C:/xampp8.1.17/htdocs/chatroom-app1/vendor/laravel/framework/src/Illuminate/Console/Command.php(211): Illuminate/Container/Container->call(Array)
#27 C:/xampp8.1.17/htdocs/chatroom-app1/vendor/symfony/console/Command/Command.php(326): Illuminate/Console/Command->execute(Object(Symfony/Component/Console/Input/ArgvInput), Object(Illuminate/Console/OutputStyle))
#28 C:/xampp8.1.17/htdocs/chatroom-app1/vendor/laravel/framework/src/Illuminate/Console/Command.php(181): Symfony/Component/Console/Command/Command->run(Object(Symfony/Component/Console/Input/ArgvInput), Object(Illuminate/Console/OutputStyle))
#29 C:/xampp8.1.17/htdocs/chatroom-app1/vendor/symfony/console/Application.php(1121): Illuminate/Console/Command->run(Object(Symfony/Component/Console/Input/ArgvInput), Object(Symfony/Component/Console/Output/ConsoleOutput))
#30 C:/xampp8.1.17/htdocs/chatroom-app1/vendor/symfony/console/Application.php(324): Symfony/Component/Console/Application->doRunCommand(Object(Illuminate/Database/Console/Migrations/MigrateCommand), Object(Symfony/Component/Console/Input/ArgvInput), Object(Symfony/Component/Console/Output/ConsoleOutput))
#31 C:/xampp8.1.17/htdocs/chatroom-app1/vendor/symfony/console/Application.php(175): Symfony/Component/Console/Application->doRun(Object(Symfony/Component/Console/Input/ArgvInput), Object(Symfony/Component/Console/Output/ConsoleOutput))
#32 C:/xampp8.1.17/htdocs/chatroom-app1/vendor/laravel/framework/src/Illuminate/Foundation/Console/Kernel.php(201): Symfony/Component/Console/Application->run(Object(Symfony/Component/Console/Input/ArgvInput), Object(Symfony/Component/Console/Output/ConsoleOutput))
#33 C:/xampp8.1.17/htdocs/chatroom-app1/artisan(37): Illuminate/Foundation/Console/Kernel->handle(Object(Symfony/Component/Console/Input/ArgvInput), Object(Symfony/Component/Console/Output/ConsoleOutput))
#34 {main}
"} 
[2026-09-04 07:03:41] local.ERROR: SQLSTATE[42S02]: Base table or view not found: 1146 Table 'laravel.rooms' doesn't exist (Connection: mysql, SQL: insert into `rooms` (`code`, `lobbyName`, `updated_at`, `created_at`) values (ABC123, myLobby, 2026-09-04 07:03:41, 2026-09-04 07:03:41)) {"exception":"[object] (Illuminate\\Database\\QueryException(code: 42S02): SQLSTATE[42S02]: Base table or view not found: 1146 Table 'laravel.rooms' doesn't exist (Connection: mysql, SQL: insert into `rooms` (`code`, `lobbyName`, `updated_at`, `created_at`) values (ABC123, myLobby, 2026-09-04 07:03:41, 2026-09-04 07:03:41)) at C:/xampp8.1.17/htdocs/chatroom-app1/vendor/laravel/framework/src/Illuminate/Database/Connection.php:829)
[stacktrace]
#0 C:/xampp8.1.17/htdocs/chatroom-app1/vendor/laravel/framework/src/Illuminate/Database/Connection.php(783): Illuminate/Database/Connection->runQueryCallback('insert into `ro...', Array, Object(Closure))
#1 C:/xampp8.1.17/htdocs/chatroom-app1/vendor/laravel/framework/src/Illuminate/Database/MySqlConnection.php(50): Illuminate/Database/Connection->run('insert into `ro...', Array, Object(Closure))
#2 C:/xampp8.1.17/htdocs/chatroom-app1/vendor/laravel/framework/src/Illuminate/Database/Query/Processors/MySqlProcessor.php(35): Illuminate/Database/MySqlConnection->insert('insert into `ro...', Array, 'id')
#3 C:/xampp8.1.17/htdocs/chatroom-app1/vendor/laravel/framework/src/Illuminate/Database/Query/Builder.php(3549): Illuminate/Database/Query/Processors/MySqlProcessor->processInsertGetId(Object(Illuminate/Database/Query/Builder), 'insert into `ro...', Array, 'id')
#4 C:/xampp8.1.17/htdocs/chatroom-app1/vendor/laravel/framework/src/Illuminate/Database/Eloquent/Builder.php(1982): Illuminate/Database/Query/Builder->insertGetId(Array, 'id')
#5 C:/xampp8.1.17/htdocs/chatroom-app1/vendor/laravel/framework/src/Illuminate/Database/Eloquent/Model.php(1334): Illuminate/Database/Eloquent/Builder->__call('insertGetId', Array)
#6 C:/xampp8.1.17/htdocs/chatroom-app1/vendor/laravel/framework/src/Illuminate/Database/Eloquent/Model.php(1299): Illuminate/Database/Eloquent/Model->insertAndSetId(Object(Illuminate/Database/Eloquent/Builder), Array)
#7 C:/xampp8.1.17/htdocs/chatroom-app1/vendor/laravel/framework/src/Illuminate/Database/Eloquent/Model.php(1138): Illuminate/Database/Eloquent/Model->performInsert(Object(Illuminate/Database/Eloquent/Builder))
#8 C:/xampp8.1.17/htdocs/chatroom-app1/vendor/laravel/framework/src/Illuminate/Database/Eloquent/Builder.php(1025): Illuminate/Database/Eloquent/Model->save()
#9 C:/xampp8.1.17/htdocs/chatroom-app1/vendor/laravel/framework/src/Illuminate/Support/helpers.php(320): Illuminate/Database/Eloquent/Builder->Illuminate/Database/Eloquent/{closure}(Object(App/Models/room))
#10 C:/xampp8.1.17/htdocs/chatroom-app1/vendor/laravel/framework/src/Illuminate/Database/Eloquent/Builder.php(1026): tap(Object(App/Models/room), Object(Closure))
#11 C:/xampp8.1.17/htdocs/chatroom-app1/vendor/laravel/framework/src/Illuminate/Support/Traits/ForwardsCalls.php(23): Illuminate/Database/Eloquent/Builder->create(Array)
#12 C:/xampp8.1.17/htdocs/chatroom-app1/vendor/laravel/framework/src/Illuminate/Database/Eloquent/Model.php(2335): Illuminate/Database/Eloquent/Model->forwardCallTo(Object(Illuminate/Database/Eloquent/Builder), 'create', Array)
#13 C:/xampp8.1.17/htdocs/chatroom-app1/vendor/laravel/framework/src/Illuminate/Database/Eloquent/Model.php(2347): Illuminate/Database/Eloquent/Model->__call('create', Array)
#14 C:/xampp8.1.17/htdocs/chatroom-app1/database/seeders/RoomSeeder.php(17): Illuminate/Database/Eloquent/Model::__callStatic('create', Array)
#15 C:/xampp8.1.17/htdocs/chatroom-app1/vendor/laravel/framework/src/Illuminate/Container/BoundMethod.php(36): Database/Seeders/RoomSeeder->run()
#16 C:/xampp8.1.17/htdocs/chatroom-app1/vendor/laravel/framework/src/Illuminate/Container/Util.php(41): Illuminate/Container/BoundMethod::Illuminate/Container/{closure}()
#17 C:/xampp8.1.17/htdocs/chatroom-app1/vendor/laravel/framework/src/Illuminate/Container/BoundMethod.php(93): Illuminate/Container/Util::unwrapIfClosure(Object(Closure))
#18 C:/xampp8.1.17/htdocs/chatroom-app1/vendor/laravel/framework/src/Illuminate/Container/BoundMethod.php(37): Illuminate/Container/BoundMethod::callBoundMethod(Object(Illuminate/Foundation/Application), Array, Object(Closure))
#19 C:/xampp8.1.17/htdocs/chatroom-app1/vendor/laravel/framework/src/Illuminate/Container/Container.php(662): Illuminate/Container/BoundMethod::call(Object(Illuminate/Foundation/Application), Array, Array, NULL)
#20 C:/xampp8.1.17/htdocs/chatroom-app1/vendor/laravel/framework/src/Illuminate/Database/Seeder.php(184): Illuminate/Container/Container->call(Array, Array)
#21 C:/xampp8.1.17/htdocs/chatroom-app1/vendor/laravel/framework/src/Illuminate/Database/Seeder.php(193): Illuminate/Database/Seeder->Illuminate/Database/{closure}()
#22 C:/xampp8.1.17/htdocs/chatroom-app1/vendor/laravel/framework/src/Illuminate/Database/Seeder.php(61): Illuminate/Database/Seeder->__invoke(Array)
#23 C:/xampp8.1.17/htdocs/chatroom-app1/database/seeders/DatabaseSeeder.php(16): Illuminate/Database/Seeder->call('Database//Seeder...')
#24 C:/xampp8.1.17/htdocs/chatroom-app1/vendor/laravel/framework/src/Illuminate/Container/BoundMethod.php(36): Database/Seeders/DatabaseSeeder->run()
#25 C:/xampp8.1.17/htdocs/chatroom-app1/vendor/laravel/framework/src/Illuminate/Container/Util.php(41): Illuminate/Container/BoundMethod::Illuminate/Container/{closure}()
#26 C:/xampp8.1.17/htdocs/chatroom-app1/vendor/laravel/framework/src/Illuminate/Container/BoundMethod.php(93): Illuminate/Container/Util::unwrapIfClosure(Object(Closure))
#27 C:/xampp8.1.17/htdocs/chatroom-app1/vendor/laravel/framework/src/Illuminate/Container/BoundMethod.php(37): Illuminate/Container/BoundMethod::callBoundMethod(Object(Illuminate/Foundation/Application), Array, Object(Closure))
#28 C:/xampp8.1.17/htdocs/chatroom-app1/vendor/laravel/framework/src/Illuminate/Container/Container.php(662): Illuminate/Container/BoundMethod::call(Object(Illuminate/Foundation/Application), Array, Array, NULL)
#29 C:/xampp8.1.17/htdocs/chatroom-app1/vendor/laravel/framework/src/Illuminate/Database/Seeder.php(184): Illuminate/Container/Container->call(Array, Array)
#30 C:/xampp8.1.17/htdocs/chatroom-app1/vendor/laravel/framework/src/Illuminate/Database/Seeder.php(193): Illuminate/Database/Seeder->Illuminate/Database/{closure}()
#31 C:/xampp8.1.17/htdocs/chatroom-app1/vendor/laravel/framework/src/Illuminate/Database/Console/Seeds/SeedCommand.php(70): Illuminate/Database/Seeder->__invoke()
#32 C:/xampp8.1.17/htdocs/chatroom-app1/vendor/laravel/framework/src/Illuminate/Database/Eloquent/Concerns/GuardsAttributes.php(155): Illuminate/Database/Console/Seeds/SeedCommand->Illuminate/Database/Console/Seeds/{closure}()
#33 C:/xampp8.1.17/htdocs/chatroom-app1/vendor/laravel/framework/src/Illuminate/Database/Console/Seeds/SeedCommand.php(71): Illuminate/Database/Eloquent/Model::unguarded(Object(Closure))
#34 C:/xampp8.1.17/htdocs/chatroom-app1/vendor/laravel/framework/src/Illuminate/Container/BoundMethod.php(36): Illuminate/Database/Console/Seeds/SeedCommand->handle()
#35 C:/xampp8.1.17/htdocs/chatroom-app1/vendor/laravel/framework/src/Illuminate/Container/Util.php(41): Illuminate/Container/BoundMethod::Illuminate/Container/{closure}()
#36 C:/xampp8.1.17/htdocs/chatroom-app1/vendor/laravel/framework/src/Illuminate/Container/BoundMethod.php(93): Illuminate/Container/Util::unwrapIfClosure(Object(Closure))
#37 C:/xampp8.1.17/htdocs/chatroom-app1/vendor/laravel/framework/src/Illuminate/Container/BoundMethod.php(37): Illuminate/Container/BoundMethod::callBoundMethod(Object(Illuminate/Foundation/Application), Array, Object(Closure))
#38 C:/xampp8.1.17/htdocs/chatroom-app1/vendor/laravel/framework/src/Illuminate/Container/Container.php(662): Illuminate/Container/BoundMethod::call(Object(Illuminate/Foundation/Application), Array, Array, NULL)
#39 C:/xampp8.1.17/htdocs/chatroom-app1/vendor/laravel/framework/src/Illuminate/Console/Command.php(211): Illuminate/Container/Container->call(Array)
#40 C:/xampp8.1.17/htdocs/chatroom-app1/vendor/symfony/console/Command/Command.php(326): Illuminate/Console/Command->execute(Object(Symfony/Component/Console/Input/ArrayInput), Object(Illuminate/Console/OutputStyle))
#41 C:/xampp8.1.17/htdocs/chatroom-app1/vendor/laravel/framework/src/Illuminate/Console/Command.php(181): Symfony/Component/Console/Command/Command->run(Object(Symfony/Component/Console/Input/ArrayInput), Object(Illuminate/Console/OutputStyle))
#42 C:/xampp8.1.17/htdocs/chatroom-app1/vendor/laravel/framework/src/Illuminate/Console/Concerns/CallsCommands.php(68): Illuminate/Console/Command->run(Object(Symfony/Component/Console/Input/ArrayInput), Object(Illuminate/Console/OutputStyle))
#43 C:/xampp8.1.17/htdocs/chatroom-app1/vendor/laravel/framework/src/Illuminate/Console/Concerns/CallsCommands.php(28): Illuminate/Console/Command->runCommand('db:seed', Array, Object(Illuminate/Console/OutputStyle))
#44 C:/xampp8.1.17/htdocs/chatroom-app1/vendor/laravel/framework/src/Illuminate/Database/Console/Migrations/FreshCommand.php(94): Illuminate/Console/Command->call('db:seed', Array)
#45 C:/xampp8.1.17/htdocs/chatroom-app1/vendor/laravel/framework/src/Illuminate/Database/Console/Migrations/FreshCommand.php(69): Illuminate/Database/Console/Migrations/FreshCommand->runSeeder(NULL)
#46 C:/xampp8.1.17/htdocs/chatroom-app1/vendor/laravel/framework/src/Illuminate/Container/BoundMethod.php(36): Illuminate/Database/Console/Migrations/FreshCommand->handle()
#47 C:/xampp8.1.17/htdocs/chatroom-app1/vendor/laravel/framework/src/Illuminate/Container/Util.php(41): Illuminate/Container/BoundMethod::Illuminate/Container/{closure}()
#48 C:/xampp8.1.17/htdocs/chatroom-app1/vendor/laravel/framework/src/Illuminate/Container/BoundMethod.php(93): Illuminate/Container/Util::unwrapIfClosure(Object(Closure))
#49 C:/xampp8.1.17/htdocs/chatroom-app1/vendor/laravel/framework/src/Illuminate/Container/BoundMethod.php(37): Illuminate/Container/BoundMethod::callBoundMethod(Object(Illuminate/Foundation/Application), Array, Object(Closure))
#50 C:/xampp8.1.17/htdocs/chatroom-app1/vendor/laravel/framework/src/Illuminate/Container/Container.php(662): Illuminate/Container/BoundMethod::call(Object(Illuminate/Foundation/Application), Array, Array, NULL)
#51 C:/xampp8.1.17/htdocs/chatroom-app1/vendor/laravel/framework/src/Illuminate/Console/Command.php(211): Illuminate/Container/Container->call(Array)
#52 C:/xampp8.1.17/htdocs/chatroom-app1/vendor/symfony/console/Command/Command.php(326): Illuminate/Console/Command->execute(Object(Symfony/Component/Console/Input/ArgvInput), Object(Illuminate/Console/OutputStyle))
#53 C:/xampp8.1.17/htdocs/chatroom-app1/vendor/laravel/framework/src/Illuminate/Console/Command.php(181): Symfony/Component/Console/Command/Command->run(Object(Symfony/Component/Console/Input/ArgvInput), Object(Illuminate/Console/OutputStyle))
#54 C:/xampp8.1.17/htdocs/chatroom-app1/vendor/symfony/console/Application.php(1121): Illuminate/Console/Command->run(Object(Symfony/Component/Console/Input/ArgvInput), Object(Symfony/Component/Console/Output/ConsoleOutput))
#55 C:/xampp8.1.17/htdocs/chatroom-app1/vendor/symfony/console/Application.php(324): Symfony/Component/Console/Application->doRunCommand(Object(Illuminate/Database/Console/Migrations/FreshCommand), Object(Symfony/Component/Console/Input/ArgvInput), Object(Symfony/Component/Console/Output/ConsoleOutput))
#56 C:/xampp8.1.17/htdocs/chatroom-app1/vendor/symfony/console/Application.php(175): Symfony/Component/Console/Application->doRun(Object(Symfony/Component/Console/Input/ArgvInput), Object(Symfony/Component/Console/Output/ConsoleOutput))
#57 C:/xampp8.1.17/htdocs/chatroom-app1/vendor/laravel/framework/src/Illuminate/Foundation/Console/Kernel.php(201): Symfony/Component/Console/Application->run(Object(Symfony/Component/Console/Input/ArgvInput), Object(Symfony/Component/Console/Output/ConsoleOutput))
#58 C:/xampp8.1.17/htdocs/chatroom-app1/artisan(37): Illuminate/Foundation/Console/Kernel->handle(Object(Symfony/Component/Console/Input/ArgvInput), Object(Symfony/Component/Console/Output/ConsoleOutput))
#59 {main}

[previous exception] [object] (PDOException(code: 42S02): SQLSTATE[42S02]: Base table or view not found: 1146 Table 'laravel.rooms' doesn't exist at C:/xampp8.1.17/htdocs/chatroom-app1/vendor/laravel/framework/src/Illuminate/Database/MySqlConnection.php:39)
[stacktrace]
#0 C:/xampp8.1.17/htdocs/chatroom-app1/vendor/laravel/framework/src/Illuminate/Database/MySqlConnection.php(39): PDO->prepare('insert into `ro...')
#1 C:/xampp8.1.17/htdocs/chatroom-app1/vendor/laravel/framework/src/Illuminate/Database/Connection.php(816): Illuminate/Database/MySqlConnection->Illuminate/Database/{closure}('insert into `ro...', Array)
#2 C:/xampp8.1.17/htdocs/chatroom-app1/vendor/laravel/framework/src/Illuminate/Database/Connection.php(783): Illuminate/Database/Connection->runQueryCallback('insert into `ro...', Array, Object(Closure))
#3 C:/xampp8.1.17/htdocs/chatroom-app1/vendor/laravel/framework/src/Illuminate/Database/MySqlConnection.php(50): Illuminate/Database/Connection->run('insert into `ro...', Array, Object(Closure))
#4 C:/xampp8.1.17/htdocs/chatroom-app1/vendor/laravel/framework/src/Illuminate/Database/Query/Processors/MySqlProcessor.php(35): Illuminate/Database/MySqlConnection->insert('insert into `ro...', Array, 'id')
#5 C:/xampp8.1.17/htdocs/chatroom-app1/vendor/laravel/framework/src/Illuminate/Database/Query/Builder.php(3549): Illuminate/Database/Query/Processors/MySqlProcessor->processInsertGetId(Object(Illuminate/Database/Query/Builder), 'insert into `ro...', Array, 'id')
#6 C:/xampp8.1.17/htdocs/chatroom-app1/vendor/laravel/framework/src/Illuminate/Database/Eloquent/Builder.php(1982): Illuminate/Database/Query/Builder->insertGetId(Array, 'id')
#7 C:/xampp8.1.17/htdocs/chatroom-app1/vendor/laravel/framework/src/Illuminate/Database/Eloquent/Model.php(1334): Illuminate/Database/Eloquent/Builder->__call('insertGetId', Array)
#8 C:/xampp8.1.17/htdocs/chatroom-app1/vendor/laravel/framework/src/Illuminate/Database/Eloquent/Model.php(1299): Illuminate/Database/Eloquent/Model->insertAndSetId(Object(Illuminate/Database/Eloquent/Builder), Array)
#9 C:/xampp8.1.17/htdocs/chatroom-app1/vendor/laravel/framework/src/Illuminate/Database/Eloquent/Model.php(1138): Illuminate/Database/Eloquent/Model->performInsert(Object(Illuminate/Database/Eloquent/Builder))
#10 C:/xampp8.1.17/htdocs/chatroom-app1/vendor/laravel/framework/src/Illuminate/Database/Eloquent/Builder.php(1025): Illuminate/Database/Eloquent/Model->save()
#11 C:/xampp8.1.17/htdocs/chatroom-app1/vendor/laravel/framework/src/Illuminate/Support/helpers.php(320): Illuminate/Database/Eloquent/Builder->Illuminate/Database/Eloquent/{closure}(Object(App/Models/room))
#12 C:/xampp8.1.17/htdocs/chatroom-app1/vendor/laravel/framework/src/Illuminate/Database/Eloquent/Builder.php(1026): tap(Object(App/Models/room), Object(Closure))
#13 C:/xampp8.1.17/htdocs/chatroom-app1/vendor/laravel/framework/src/Illuminate/Support/Traits/ForwardsCalls.php(23): Illuminate/Database/Eloquent/Builder->create(Array)
#14 C:/xampp8.1.17/htdocs/chatroom-app1/vendor/laravel/framework/src/Illuminate/Database/Eloquent/Model.php(2335): Illuminate/Database/Eloquent/Model->forwardCallTo(Object(Illuminate/Database/Eloquent/Builder), 'create', Array)
#15 C:/xampp8.1.17/htdocs/chatroom-app1/vendor/laravel/framework/src/Illuminate/Database/Eloquent/Model.php(2347): Illuminate/Database/Eloquent/Model->__call('create', Array)
#16 C:/xampp8.1.17/htdocs/chatroom-app1/database/seeders/RoomSeeder.php(17): Illuminate/Database/Eloquent/Model::__callStatic('create', Array)
#17 C:/xampp8.1.17/htdocs/chatroom-app1/vendor/laravel/framework/src/Illuminate/Container/BoundMethod.php(36): Database/Seeders/RoomSeeder->run()
#18 C:/xampp8.1.17/htdocs/chatroom-app1/vendor/laravel/framework/src/Illuminate/Container/Util.php(41): Illuminate/Container/BoundMethod::Illuminate/Container/{closure}()
#19 C:/xampp8.1.17/htdocs/chatroom-app1/vendor/laravel/framework/src/Illuminate/Container/BoundMethod.php(93): Illuminate/Container/Util::unwrapIfClosure(Object(Closure))
#20 C:/xampp8.1.17/htdocs/chatroom-app1/vendor/laravel/framework/src/Illuminate/Container/BoundMethod.php(37): Illuminate/Container/BoundMethod::callBoundMethod(Object(Illuminate/Foundation/Application), Array, Object(Closure))
#21 C:/xampp8.1.17/htdocs/chatroom-app1/vendor/laravel/framework/src/Illuminate/Container/Container.php(662): Illuminate/Container/BoundMethod::call(Object(Illuminate/Foundation/Application), Array, Array, NULL)
#22 C:/xampp8.1.17/htdocs/chatroom-app1/vendor/laravel/framework/src/Illuminate/Database/Seeder.php(184): Illuminate/Container/Container->call(Array, Array)
#23 C:/xampp8.1.17/htdocs/chatroom-app1/vendor/laravel/framework/src/Illuminate/Database/Seeder.php(193): Illuminate/Database/Seeder->Illuminate/Database/{closure}()
#24 C:/xampp8.1.17/htdocs/chatroom-app1/vendor/laravel/framework/src/Illuminate/Database/Seeder.php(61): Illuminate/Database/Seeder->__invoke(Array)
#25 C:/xampp8.1.17/htdocs/chatroom-app1/database/seeders/DatabaseSeeder.php(16): Illuminate/Database/Seeder->call('Database//Seeder...')
#26 C:/xampp8.1.17/htdocs/chatroom-app1/vendor/laravel/framework/src/Illuminate/Container/BoundMethod.php(36): Database/Seeders/DatabaseSeeder->run()
#27 C:/xampp8.1.17/htdocs/chatroom-app1/vendor/laravel/framework/src/Illuminate/Container/Util.php(41): Illuminate/Container/BoundMethod::Illuminate/Container/{closure}()
#28 C:/xampp8.1.17/htdocs/chatroom-app1/vendor/laravel/framework/src/Illuminate/Container/BoundMethod.php(93): Illuminate/Container/Util::unwrapIfClosure(Object(Closure))
#29 C:/xampp8.1.17/htdocs/chatroom-app1/vendor/laravel/framework/src/Illuminate/Container/BoundMethod.php(37): Illuminate/Container/BoundMethod::callBoundMethod(Object(Illuminate/Foundation/Application), Array, Object(Closure))
#30 C:/xampp8.1.17/htdocs/chatroom-app1/vendor/laravel/framework/src/Illuminate/Container/Container.php(662): Illuminate/Container/BoundMethod::call(Object(Illuminate/Foundation/Application), Array, Array, NULL)
#31 C:/xampp8.1.17/htdocs/chatroom-app1/vendor/laravel/framework/src/Illuminate/Database/Seeder.php(184): Illuminate/Container/Container->call(Array, Array)
#32 C:/xampp8.1.17/htdocs/chatroom-app1/vendor/laravel/framework/src/Illuminate/Database/Seeder.php(193): Illuminate/Database/Seeder->Illuminate/Database/{closure}()
#33 C:/xampp8.1.17/htdocs/chatroom-app1/vendor/laravel/framework/src/Illuminate/Database/Console/Seeds/SeedCommand.php(70): Illuminate/Database/Seeder->__invoke()
#34 C:/xampp8.1.17/htdocs/chatroom-app1/vendor/laravel/framework/src/Illuminate/Database/Eloquent/Concerns/GuardsAttributes.php(155): Illuminate/Database/Console/Seeds/SeedCommand->Illuminate/Database/Console/Seeds/{closure}()
#35 C:/xampp8.1.17/htdocs/chatroom-app1/vendor/laravel/framework/src/Illuminate/Database/Console/Seeds/SeedCommand.php(71): Illuminate/Database/Eloquent/Model::unguarded(Object(Closure))
#36 C:/xampp8.1.17/htdocs/chatroom-app1/vendor/laravel/framework/src/Illuminate/Container/BoundMethod.php(36): Illuminate/Database/Console/Seeds/SeedCommand->handle()
#37 C:/xampp8.1.17/htdocs/chatroom-app1/vendor/laravel/framework/src/Illuminate/Container/Util.php(41): Illuminate/Container/BoundMethod::Illuminate/Container/{closure}()
#38 C:/xampp8.1.17/htdocs/chatroom-app1/vendor/laravel/framework/src/Illuminate/Container/BoundMethod.php(93): Illuminate/Container/Util::unwrapIfClosure(Object(Closure))
#39 C:/xampp8.1.17/htdocs/chatroom-app1/vendor/laravel/framework/src/Illuminate/Container/BoundMethod.php(37): Illuminate/Container/BoundMethod::callBoundMethod(Object(Illuminate/Foundation/Application), Array, Object(Closure))
#40 C:/xampp8.1.17/htdocs/chatroom-app1/vendor/laravel/framework/src/Illuminate/Container/Container.php(662): Illuminate/Container/BoundMethod::call(Object(Illuminate/Foundation/Application), Array, Array, NULL)
#41 C:/xampp8.1.17/htdocs/chatroom-app1/vendor/laravel/framework/src/Illuminate/Console/Command.php(211): Illuminate/Container/Container->call(Array)
#42 C:/xampp8.1.17/htdocs/chatroom-app1/vendor/symfony/console/Command/Command.php(326): Illuminate/Console/Command->execute(Object(Symfony/Component/Console/Input/ArrayInput), Object(Illuminate/Console/OutputStyle))
#43 C:/xampp8.1.17/htdocs/chatroom-app1/vendor/laravel/framework/src/Illuminate/Console/Command.php(181): Symfony/Component/Console/Command/Command->run(Object(Symfony/Component/Console/Input/ArrayInput), Object(Illuminate/Console/OutputStyle))
#44 C:/xampp8.1.17/htdocs/chatroom-app1/vendor/laravel/framework/src/Illuminate/Console/Concerns/CallsCommands.php(68): Illuminate/Console/Command->run(Object(Symfony/Component/Console/Input/ArrayInput), Object(Illuminate/Console/OutputStyle))
#45 C:/xampp8.1.17/htdocs/chatroom-app1/vendor/laravel/framework/src/Illuminate/Console/Concerns/CallsCommands.php(28): Illuminate/Console/Command->runCommand('db:seed', Array, Object(Illuminate/Console/OutputStyle))
#46 C:/xampp8.1.17/htdocs/chatroom-app1/vendor/laravel/framework/src/Illuminate/Database/Console/Migrations/FreshCommand.php(94): Illuminate/Console/Command->call('db:seed', Array)
#47 C:/xampp8.1.17/htdocs/chatroom-app1/vendor/laravel/framework/src/Illuminate/Database/Console/Migrations/FreshCommand.php(69): Illuminate/Database/Console/Migrations/FreshCommand->runSeeder(NULL)
#48 C:/xampp8.1.17/htdocs/chatroom-app1/vendor/laravel/framework/src/Illuminate/Container/BoundMethod.php(36): Illuminate/Database/Console/Migrations/FreshCommand->handle()
#49 C:/xampp8.1.17/htdocs/chatroom-app1/vendor/laravel/framework/src/Illuminate/Container/Util.php(41): Illuminate/Container/BoundMethod::Illuminate/Container/{closure}()
#50 C:/xampp8.1.17/htdocs/chatroom-app1/vendor/laravel/framework/src/Illuminate/Container/BoundMethod.php(93): Illuminate/Container/Util::unwrapIfClosure(Object(Closure))
#51 C:/xampp8.1.17/htdocs/chatroom-app1/vendor/laravel/framework/src/Illuminate/Container/BoundMethod.php(37): Illuminate/Container/BoundMethod::callBoundMethod(Object(Illuminate/Foundation/Application), Array, Object(Closure))
#52 C:/xampp8.1.17/htdocs/chatroom-app1/vendor/laravel/framework/src/Illuminate/Container/Container.php(662): Illuminate/Container/BoundMethod::call(Object(Illuminate/Foundation/Application), Array, Array, NULL)
#53 C:/xampp8.1.17/htdocs/chatroom-app1/vendor/laravel/framework/src/Illuminate/Console/Command.php(211): Illuminate/Container/Container->call(Array)
#54 C:/xampp8.1.17/htdocs/chatroom-app1/vendor/symfony/console/Command/Command.php(326): Illuminate/Console/Command->execute(Object(Symfony/Component/Console/Input/ArgvInput), Object(Illuminate/Console/OutputStyle))
#55 C:/xampp8.1.17/htdocs/chatroom-app1/vendor/laravel/framework/src/Illuminate/Console/Command.php(181): Symfony/Component/Console/Command/Command->run(Object(Symfony/Component/Console/Input/ArgvInput), Object(Illuminate/Console/OutputStyle))
#56 C:/xampp8.1.17/htdocs/chatroom-app1/vendor/symfony/console/Application.php(1121): Illuminate/Console/Command->run(Object(Symfony/Component/Console/Input/ArgvInput), Object(Symfony/Component/Console/Output/ConsoleOutput))
#57 C:/xampp8.1.17/htdocs/chatroom-app1/vendor/symfony/console/Application.php(324): Symfony/Component/Console/Application->doRunCommand(Object(Illuminate/Database/Console/Migrations/FreshCommand), Object(Symfony/Component/Console/Input/ArgvInput), Object(Symfony/Component/Console/Output/ConsoleOutput))
#58 C:/xampp8.1.17/htdocs/chatroom-app1/vendor/symfony/console/Application.php(175): Symfony/Component/Console/Application->doRun(Object(Symfony/Component/Console/Input/ArgvInput), Object(Symfony/Component/Console/Output/ConsoleOutput))
#59 C:/xampp8.1.17/htdocs/chatroom-app1/vendor/laravel/framework/src/Illuminate/Foundation/Console/Kernel.php(201): Symfony/Component/Console/Application->run(Object(Symfony/Component/Console/Input/ArgvInput), Object(Symfony/Component/Console/Output/ConsoleOutput))
#60 C:/xampp8.1.17/htdocs/chatroom-app1/artisan(37): Illuminate/Foundation/Console/Kernel->handle(Object(Symfony/Component/Console/Input/ArgvInput), Object(Symfony/Component/Console/Output/ConsoleOutput))
#61 {main}
"} 
[2026-09-04 07:08:56] local.ERROR: SQLSTATE[42S02]: Base table or view not found: 1146 Table 'laravel.rooms' doesn't exist (Connection: mysql, SQL: insert into `rooms` (`code`, `lobbyName`, `updated_at`, `created_at`) values (ABC123, myLobby, 2026-09-04 07:08:56, 2026-09-04 07:08:56)) {"exception":"[object] (Illuminate\\Database\\QueryException(code: 42S02): SQLSTATE[42S02]: Base table or view not found: 1146 Table 'laravel.rooms' doesn't exist (Connection: mysql, SQL: insert into `rooms` (`code`, `lobbyName`, `updated_at`, `created_at`) values (ABC123, myLobby, 2026-09-04 07:08:56, 2026-09-04 07:08:56)) at C:/xampp8.1.17/htdocs/chatroom-app1/vendor/laravel/framework/src/Illuminate/Database/Connection.php:829)
[stacktrace]
#0 C:/xampp8.1.17/htdocs/chatroom-app1/vendor/laravel/framework/src/Illuminate/Database/Connection.php(783): Illuminate/Database/Connection->runQueryCallback('insert into `ro...', Array, Object(Closure))
#1 C:/xampp8.1.17/htdocs/chatroom-app1/vendor/laravel/framework/src/Illuminate/Database/MySqlConnection.php(50): Illuminate/Database/Connection->run('insert into `ro...', Array, Object(Closure))
#2 C:/xampp8.1.17/htdocs/chatroom-app1/vendor/laravel/framework/src/Illuminate/Database/Query/Processors/MySqlProcessor.php(35): Illuminate/Database/MySqlConnection->insert('insert into `ro...', Array, 'id')
#3 C:/xampp8.1.17/htdocs/chatroom-app1/vendor/laravel/framework/src/Illuminate/Database/Query/Builder.php(3549): Illuminate/Database/Query/Processors/MySqlProcessor->processInsertGetId(Object(Illuminate/Database/Query/Builder), 'insert into `ro...', Array, 'id')
#4 C:/xampp8.1.17/htdocs/chatroom-app1/vendor/laravel/framework/src/Illuminate/Database/Eloquent/Builder.php(1982): Illuminate/Database/Query/Builder->insertGetId(Array, 'id')
#5 C:/xampp8.1.17/htdocs/chatroom-app1/vendor/laravel/framework/src/Illuminate/Database/Eloquent/Model.php(1334): Illuminate/Database/Eloquent/Builder->__call('insertGetId', Array)
#6 C:/xampp8.1.17/htdocs/chatroom-app1/vendor/laravel/framework/src/Illuminate/Database/Eloquent/Model.php(1299): Illuminate/Database/Eloquent/Model->insertAndSetId(Object(Illuminate/Database/Eloquent/Builder), Array)
#7 C:/xampp8.1.17/htdocs/chatroom-app1/vendor/laravel/framework/src/Illuminate/Database/Eloquent/Model.php(1138): Illuminate/Database/Eloquent/Model->performInsert(Object(Illuminate/Database/Eloquent/Builder))
#8 C:/xampp8.1.17/htdocs/chatroom-app1/vendor/laravel/framework/src/Illuminate/Database/Eloquent/Builder.php(1025): Illuminate/Database/Eloquent/Model->save()
#9 C:/xampp8.1.17/htdocs/chatroom-app1/vendor/laravel/framework/src/Illuminate/Support/helpers.php(320): Illuminate/Database/Eloquent/Builder->Illuminate/Database/Eloquent/{closure}(Object(App/Models/room))
#10 C:/xampp8.1.17/htdocs/chatroom-app1/vendor/laravel/framework/src/Illuminate/Database/Eloquent/Builder.php(1026): tap(Object(App/Models/room), Object(Closure))
#11 C:/xampp8.1.17/htdocs/chatroom-app1/vendor/laravel/framework/src/Illuminate/Support/Traits/ForwardsCalls.php(23): Illuminate/Database/Eloquent/Builder->create(Array)
#12 C:/xampp8.1.17/htdocs/chatroom-app1/vendor/laravel/framework/src/Illuminate/Database/Eloquent/Model.php(2335): Illuminate/Database/Eloquent/Model->forwardCallTo(Object(Illuminate/Database/Eloquent/Builder), 'create', Array)
#13 C:/xampp8.1.17/htdocs/chatroom-app1/vendor/laravel/framework/src/Illuminate/Database/Eloquent/Model.php(2347): Illuminate/Database/Eloquent/Model->__call('create', Array)
#14 C:/xampp8.1.17/htdocs/chatroom-app1/database/seeders/RoomSeeder.php(17): Illuminate/Database/Eloquent/Model::__callStatic('create', Array)
#15 C:/xampp8.1.17/htdocs/chatroom-app1/vendor/laravel/framework/src/Illuminate/Container/BoundMethod.php(36): Database/Seeders/RoomSeeder->run()
#16 C:/xampp8.1.17/htdocs/chatroom-app1/vendor/laravel/framework/src/Illuminate/Container/Util.php(41): Illuminate/Container/BoundMethod::Illuminate/Container/{closure}()
#17 C:/xampp8.1.17/htdocs/chatroom-app1/vendor/laravel/framework/src/Illuminate/Container/BoundMethod.php(93): Illuminate/Container/Util::unwrapIfClosure(Object(Closure))
#18 C:/xampp8.1.17/htdocs/chatroom-app1/vendor/laravel/framework/src/Illuminate/Container/BoundMethod.php(37): Illuminate/Container/BoundMethod::callBoundMethod(Object(Illuminate/Foundation/Application), Array, Object(Closure))
#19 C:/xampp8.1.17/htdocs/chatroom-app1/vendor/laravel/framework/src/Illuminate/Container/Container.php(662): Illuminate/Container/BoundMethod::call(Object(Illuminate/Foundation/Application), Array, Array, NULL)
#20 C:/xampp8.1.17/htdocs/chatroom-app1/vendor/laravel/framework/src/Illuminate/Database/Seeder.php(184): Illuminate/Container/Container->call(Array, Array)
#21 C:/xampp8.1.17/htdocs/chatroom-app1/vendor/laravel/framework/src/Illuminate/Database/Seeder.php(193): Illuminate/Database/Seeder->Illuminate/Database/{closure}()
#22 C:/xampp8.1.17/htdocs/chatroom-app1/vendor/laravel/framework/src/Illuminate/Database/Seeder.php(61): Illuminate/Database/Seeder->__invoke(Array)
#23 C:/xampp8.1.17/htdocs/chatroom-app1/database/seeders/DatabaseSeeder.php(16): Illuminate/Database/Seeder->call('Database//Seeder...')
#24 C:/xampp8.1.17/htdocs/chatroom-app1/vendor/laravel/framework/src/Illuminate/Container/BoundMethod.php(36): Database/Seeders/DatabaseSeeder->run()
#25 C:/xampp8.1.17/htdocs/chatroom-app1/vendor/laravel/framework/src/Illuminate/Container/Util.php(41): Illuminate/Container/BoundMethod::Illuminate/Container/{closure}()
#26 C:/xampp8.1.17/htdocs/chatroom-app1/vendor/laravel/framework/src/Illuminate/Container/BoundMethod.php(93): Illuminate/Container/Util::unwrapIfClosure(Object(Closure))
#27 C:/xampp8.1.17/htdocs/chatroom-app1/vendor/laravel/framework/src/Illuminate/Container/BoundMethod.php(37): Illuminate/Container/BoundMethod::callBoundMethod(Object(Illuminate/Foundation/Application), Array, Object(Closure))
#28 C:/xampp8.1.17/htdocs/chatroom-app1/vendor/laravel/framework/src/Illuminate/Container/Container.php(662): Illuminate/Container/BoundMethod::call(Object(Illuminate/Foundation/Application), Array, Array, NULL)
#29 C:/xampp8.1.17/htdocs/chatroom-app1/vendor/laravel/framework/src/Illuminate/Database/Seeder.php(184): Illuminate/Container/Container->call(Array, Array)
#30 C:/xampp8.1.17/htdocs/chatroom-app1/vendor/laravel/framework/src/Illuminate/Database/Seeder.php(193): Illuminate/Database/Seeder->Illuminate/Database/{closure}()
#31 C:/xampp8.1.17/htdocs/chatroom-app1/vendor/laravel/framework/src/Illuminate/Database/Console/Seeds/SeedCommand.php(70): Illuminate/Database/Seeder->__invoke()
#32 C:/xampp8.1.17/htdocs/chatroom-app1/vendor/laravel/framework/src/Illuminate/Database/Eloquent/Concerns/GuardsAttributes.php(155): Illuminate/Database/Console/Seeds/SeedCommand->Illuminate/Database/Console/Seeds/{closure}()
#33 C:/xampp8.1.17/htdocs/chatroom-app1/vendor/laravel/framework/src/Illuminate/Database/Console/Seeds/SeedCommand.php(71): Illuminate/Database/Eloquent/Model::unguarded(Object(Closure))
#34 C:/xampp8.1.17/htdocs/chatroom-app1/vendor/laravel/framework/src/Illuminate/Container/BoundMethod.php(36): Illuminate/Database/Console/Seeds/SeedCommand->handle()
#35 C:/xampp8.1.17/htdocs/chatroom-app1/vendor/laravel/framework/src/Illuminate/Container/Util.php(41): Illuminate/Container/BoundMethod::Illuminate/Container/{closure}()
#36 C:/xampp8.1.17/htdocs/chatroom-app1/vendor/laravel/framework/src/Illuminate/Container/BoundMethod.php(93): Illuminate/Container/Util::unwrapIfClosure(Object(Closure))
#37 C:/xampp8.1.17/htdocs/chatroom-app1/vendor/laravel/framework/src/Illuminate/Container/BoundMethod.php(37): Illuminate/Container/BoundMethod::callBoundMethod(Object(Illuminate/Foundation/Application), Array, Object(Closure))
#38 C:/xampp8.1.17/htdocs/chatroom-app1/vendor/laravel/framework/src/Illuminate/Container/Container.php(662): Illuminate/Container/BoundMethod::call(Object(Illuminate/Foundation/Application), Array, Array, NULL)
#39 C:/xampp8.1.17/htdocs/chatroom-app1/vendor/laravel/framework/src/Illuminate/Console/Command.php(211): Illuminate/Container/Container->call(Array)
#40 C:/xampp8.1.17/htdocs/chatroom-app1/vendor/symfony/console/Command/Command.php(326): Illuminate/Console/Command->execute(Object(Symfony/Component/Console/Input/ArrayInput), Object(Illuminate/Console/OutputStyle))
#41 C:/xampp8.1.17/htdocs/chatroom-app1/vendor/laravel/framework/src/Illuminate/Console/Command.php(181): Symfony/Component/Console/Command/Command->run(Object(Symfony/Component/Console/Input/ArrayInput), Object(Illuminate/Console/OutputStyle))
#42 C:/xampp8.1.17/htdocs/chatroom-app1/vendor/laravel/framework/src/Illuminate/Console/Concerns/CallsCommands.php(68): Illuminate/Console/Command->run(Object(Symfony/Component/Console/Input/ArrayInput), Object(Illuminate/Console/OutputStyle))
#43 C:/xampp8.1.17/htdocs/chatroom-app1/vendor/laravel/framework/src/Illuminate/Console/Concerns/CallsCommands.php(28): Illuminate/Console/Command->runCommand('db:seed', Array, Object(Illuminate/Console/OutputStyle))
#44 C:/xampp8.1.17/htdocs/chatroom-app1/vendor/laravel/framework/src/Illuminate/Database/Console/Migrations/FreshCommand.php(94): Illuminate/Console/Command->call('db:seed', Array)
#45 C:/xampp8.1.17/htdocs/chatroom-app1/vendor/laravel/framework/src/Illuminate/Database/Console/Migrations/FreshCommand.php(69): Illuminate/Database/Console/Migrations/FreshCommand->runSeeder(NULL)
#46 C:/xampp8.1.17/htdocs/chatroom-app1/vendor/laravel/framework/src/Illuminate/Container/BoundMethod.php(36): Illuminate/Database/Console/Migrations/FreshCommand->handle()
#47 C:/xampp8.1.17/htdocs/chatroom-app1/vendor/laravel/framework/src/Illuminate/Container/Util.php(41): Illuminate/Container/BoundMethod::Illuminate/Container/{closure}()
#48 C:/xampp8.1.17/htdocs/chatroom-app1/vendor/laravel/framework/src/Illuminate/Container/BoundMethod.php(93): Illuminate/Container/Util::unwrapIfClosure(Object(Closure))
#49 C:/xampp8.1.17/htdocs/chatroom-app1/vendor/laravel/framework/src/Illuminate/Container/BoundMethod.php(37): Illuminate/Container/BoundMethod::callBoundMethod(Object(Illuminate/Foundation/Application), Array, Object(Closure))
#50 C:/xampp8.1.17/htdocs/chatroom-app1/vendor/laravel/framework/src/Illuminate/Container/Container.php(662): Illuminate/Container/BoundMethod::call(Object(Illuminate/Foundation/Application), Array, Array, NULL)
#51 C:/xampp8.1.17/htdocs/chatroom-app1/vendor/laravel/framework/src/Illuminate/Console/Command.php(211): Illuminate/Container/Container->call(Array)
#52 C:/xampp8.1.17/htdocs/chatroom-app1/vendor/symfony/console/Command/Command.php(326): Illuminate/Console/Command->execute(Object(Symfony/Component/Console/Input/ArgvInput), Object(Illuminate/Console/OutputStyle))
#53 C:/xampp8.1.17/htdocs/chatroom-app1/vendor/laravel/framework/src/Illuminate/Console/Command.php(181): Symfony/Component/Console/Command/Command->run(Object(Symfony/Component/Console/Input/ArgvInput), Object(Illuminate/Console/OutputStyle))
#54 C:/xampp8.1.17/htdocs/chatroom-app1/vendor/symfony/console/Application.php(1121): Illuminate/Console/Command->run(Object(Symfony/Component/Console/Input/ArgvInput), Object(Symfony/Component/Console/Output/ConsoleOutput))
#55 C:/xampp8.1.17/htdocs/chatroom-app1/vendor/symfony/console/Application.php(324): Symfony/Component/Console/Application->doRunCommand(Object(Illuminate/Database/Console/Migrations/FreshCommand), Object(Symfony/Component/Console/Input/ArgvInput), Object(Symfony/Component/Console/Output/ConsoleOutput))
#56 C:/xampp8.1.17/htdocs/chatroom-app1/vendor/symfony/console/Application.php(175): Symfony/Component/Console/Application->doRun(Object(Symfony/Component/Console/Input/ArgvInput), Object(Symfony/Component/Console/Output/ConsoleOutput))
#57 C:/xampp8.1.17/htdocs/chatroom-app1/vendor/laravel/framework/src/Illuminate/Foundation/Console/Kernel.php(201): Symfony/Component/Console/Application->run(Object(Symfony/Component/Console/Input/ArgvInput), Object(Symfony/Component/Console/Output/ConsoleOutput))
#58 C:/xampp8.1.17/htdocs/chatroom-app1/artisan(37): Illuminate/Foundation/Console/Kernel->handle(Object(Symfony/Component/Console/Input/ArgvInput), Object(Symfony/Component/Console/Output/ConsoleOutput))
#59 {main}

[previous exception] [object] (PDOException(code: 42S02): SQLSTATE[42S02]: Base table or view not found: 1146 Table 'laravel.rooms' doesn't exist at C:/xampp8.1.17/htdocs/chatroom-app1/vendor/laravel/framework/src/Illuminate/Database/MySqlConnection.php:39)
[stacktrace]
#0 C:/xampp8.1.17/htdocs/chatroom-app1/vendor/laravel/framework/src/Illuminate/Database/MySqlConnection.php(39): PDO->prepare('insert into `ro...')
#1 C:/xampp8.1.17/htdocs/chatroom-app1/vendor/laravel/framework/src/Illuminate/Database/Connection.php(816): Illuminate/Database/MySqlConnection->Illuminate/Database/{closure}('insert into `ro...', Array)
#2 C:/xampp8.1.17/htdocs/chatroom-app1/vendor/laravel/framework/src/Illuminate/Database/Connection.php(783): Illuminate/Database/Connection->runQueryCallback('insert into `ro...', Array, Object(Closure))
#3 C:/xampp8.1.17/htdocs/chatroom-app1/vendor/laravel/framework/src/Illuminate/Database/MySqlConnection.php(50): Illuminate/Database/Connection->run('insert into `ro...', Array, Object(Closure))
#4 C:/xampp8.1.17/htdocs/chatroom-app1/vendor/laravel/framework/src/Illuminate/Database/Query/Processors/MySqlProcessor.php(35): Illuminate/Database/MySqlConnection->insert('insert into `ro...', Array, 'id')
#5 C:/xampp8.1.17/htdocs/chatroom-app1/vendor/laravel/framework/src/Illuminate/Database/Query/Builder.php(3549): Illuminate/Database/Query/Processors/MySqlProcessor->processInsertGetId(Object(Illuminate/Database/Query/Builder), 'insert into `ro...', Array, 'id')
#6 C:/xampp8.1.17/htdocs/chatroom-app1/vendor/laravel/framework/src/Illuminate/Database/Eloquent/Builder.php(1982): Illuminate/Database/Query/Builder->insertGetId(Array, 'id')
#7 C:/xampp8.1.17/htdocs/chatroom-app1/vendor/laravel/framework/src/Illuminate/Database/Eloquent/Model.php(1334): Illuminate/Database/Eloquent/Builder->__call('insertGetId', Array)
#8 C:/xampp8.1.17/htdocs/chatroom-app1/vendor/laravel/framework/src/Illuminate/Database/Eloquent/Model.php(1299): Illuminate/Database/Eloquent/Model->insertAndSetId(Object(Illuminate/Database/Eloquent/Builder), Array)
#9 C:/xampp8.1.17/htdocs/chatroom-app1/vendor/laravel/framework/src/Illuminate/Database/Eloquent/Model.php(1138): Illuminate/Database/Eloquent/Model->performInsert(Object(Illuminate/Database/Eloquent/Builder))
#10 C:/xampp8.1.17/htdocs/chatroom-app1/vendor/laravel/framework/src/Illuminate/Database/Eloquent/Builder.php(1025): Illuminate/Database/Eloquent/Model->save()
#11 C:/xampp8.1.17/htdocs/chatroom-app1/vendor/laravel/framework/src/Illuminate/Support/helpers.php(320): Illuminate/Database/Eloquent/Builder->Illuminate/Database/Eloquent/{closure}(Object(App/Models/room))
#12 C:/xampp8.1.17/htdocs/chatroom-app1/vendor/laravel/framework/src/Illuminate/Database/Eloquent/Builder.php(1026): tap(Object(App/Models/room), Object(Closure))
#13 C:/xampp8.1.17/htdocs/chatroom-app1/vendor/laravel/framework/src/Illuminate/Support/Traits/ForwardsCalls.php(23): Illuminate/Database/Eloquent/Builder->create(Array)
#14 C:/xampp8.1.17/htdocs/chatroom-app1/vendor/laravel/framework/src/Illuminate/Database/Eloquent/Model.php(2335): Illuminate/Database/Eloquent/Model->forwardCallTo(Object(Illuminate/Database/Eloquent/Builder), 'create', Array)
#15 C:/xampp8.1.17/htdocs/chatroom-app1/vendor/laravel/framework/src/Illuminate/Database/Eloquent/Model.php(2347): Illuminate/Database/Eloquent/Model->__call('create', Array)
#16 C:/xampp8.1.17/htdocs/chatroom-app1/database/seeders/RoomSeeder.php(17): Illuminate/Database/Eloquent/Model::__callStatic('create', Array)
#17 C:/xampp8.1.17/htdocs/chatroom-app1/vendor/laravel/framework/src/Illuminate/Container/BoundMethod.php(36): Database/Seeders/RoomSeeder->run()
#18 C:/xampp8.1.17/htdocs/chatroom-app1/vendor/laravel/framework/src/Illuminate/Container/Util.php(41): Illuminate/Container/BoundMethod::Illuminate/Container/{closure}()
#19 C:/xampp8.1.17/htdocs/chatroom-app1/vendor/laravel/framework/src/Illuminate/Container/BoundMethod.php(93): Illuminate/Container/Util::unwrapIfClosure(Object(Closure))
#20 C:/xampp8.1.17/htdocs/chatroom-app1/vendor/laravel/framework/src/Illuminate/Container/BoundMethod.php(37): Illuminate/Container/BoundMethod::callBoundMethod(Object(Illuminate/Foundation/Application), Array, Object(Closure))
#21 C:/xampp8.1.17/htdocs/chatroom-app1/vendor/laravel/framework/src/Illuminate/Container/Container.php(662): Illuminate/Container/BoundMethod::call(Object(Illuminate/Foundation/Application), Array, Array, NULL)
#22 C:/xampp8.1.17/htdocs/chatroom-app1/vendor/laravel/framework/src/Illuminate/Database/Seeder.php(184): Illuminate/Container/Container->call(Array, Array)
#23 C:/xampp8.1.17/htdocs/chatroom-app1/vendor/laravel/framework/src/Illuminate/Database/Seeder.php(193): Illuminate/Database/Seeder->Illuminate/Database/{closure}()
#24 C:/xampp8.1.17/htdocs/chatroom-app1/vendor/laravel/framework/src/Illuminate/Database/Seeder.php(61): Illuminate/Database/Seeder->__invoke(Array)
#25 C:/xampp8.1.17/htdocs/chatroom-app1/database/seeders/DatabaseSeeder.php(16): Illuminate/Database/Seeder->call('Database//Seeder...')
#26 C:/xampp8.1.17/htdocs/chatroom-app1/vendor/laravel/framework/src/Illuminate/Container/BoundMethod.php(36): Database/Seeders/DatabaseSeeder->run()
#27 C:/xampp8.1.17/htdocs/chatroom-app1/vendor/laravel/framework/src/Illuminate/Container/Util.php(41): Illuminate/Container/BoundMethod::Illuminate/Container/{closure}()
#28 C:/xampp8.1.17/htdocs/chatroom-app1/vendor/laravel/framework/src/Illuminate/Container/BoundMethod.php(93): Illuminate/Container/Util::unwrapIfClosure(Object(Closure))
#29 C:/xampp8.1.17/htdocs/chatroom-app1/vendor/laravel/framework/src/Illuminate/Container/BoundMethod.php(37): Illuminate/Container/BoundMethod::callBoundMethod(Object(Illuminate/Foundation/Application), Array, Object(Closure))
#30 C:/xampp8.1.17/htdocs/chatroom-app1/vendor/laravel/framework/src/Illuminate/Container/Container.php(662): Illuminate/Container/BoundMethod::call(Object(Illuminate/Foundation/Application), Array, Array, NULL)
#31 C:/xampp8.1.17/htdocs/chatroom-app1/vendor/laravel/framework/src/Illuminate/Database/Seeder.php(184): Illuminate/Container/Container->call(Array, Array)
#32 C:/xampp8.1.17/htdocs/chatroom-app1/vendor/laravel/framework/src/Illuminate/Database/Seeder.php(193): Illuminate/Database/Seeder->Illuminate/Database/{closure}()
#33 C:/xampp8.1.17/htdocs/chatroom-app1/vendor/laravel/framework/src/Illuminate/Database/Console/Seeds/SeedCommand.php(70): Illuminate/Database/Seeder->__invoke()
#34 C:/xampp8.1.17/htdocs/chatroom-app1/vendor/laravel/framework/src/Illuminate/Database/Eloquent/Concerns/GuardsAttributes.php(155): Illuminate/Database/Console/Seeds/SeedCommand->Illuminate/Database/Console/Seeds/{closure}()
#35 C:/xampp8.1.17/htdocs/chatroom-app1/vendor/laravel/framework/src/Illuminate/Database/Console/Seeds/SeedCommand.php(71): Illuminate/Database/Eloquent/Model::unguarded(Object(Closure))
#36 C:/xampp8.1.17/htdocs/chatroom-app1/vendor/laravel/framework/src/Illuminate/Container/BoundMethod.php(36): Illuminate/Database/Console/Seeds/SeedCommand->handle()
#37 C:/xampp8.1.17/htdocs/chatroom-app1/vendor/laravel/framework/src/Illuminate/Container/Util.php(41): Illuminate/Container/BoundMethod::Illuminate/Container/{closure}()
#38 C:/xampp8.1.17/htdocs/chatroom-app1/vendor/laravel/framework/src/Illuminate/Container/BoundMethod.php(93): Illuminate/Container/Util::unwrapIfClosure(Object(Closure))
#39 C:/xampp8.1.17/htdocs/chatroom-app1/vendor/laravel/framework/src/Illuminate/Container/BoundMethod.php(37): Illuminate/Container/BoundMethod::callBoundMethod(Object(Illuminate/Foundation/Application), Array, Object(Closure))
#40 C:/xampp8.1.17/htdocs/chatroom-app1/vendor/laravel/framework/src/Illuminate/Container/Container.php(662): Illuminate/Container/BoundMethod::call(Object(Illuminate/Foundation/Application), Array, Array, NULL)
#41 C:/xampp8.1.17/htdocs/chatroom-app1/vendor/laravel/framework/src/Illuminate/Console/Command.php(211): Illuminate/Container/Container->call(Array)
#42 C:/xampp8.1.17/htdocs/chatroom-app1/vendor/symfony/console/Command/Command.php(326): Illuminate/Console/Command->execute(Object(Symfony/Component/Console/Input/ArrayInput), Object(Illuminate/Console/OutputStyle))
#43 C:/xampp8.1.17/htdocs/chatroom-app1/vendor/laravel/framework/src/Illuminate/Console/Command.php(181): Symfony/Component/Console/Command/Command->run(Object(Symfony/Component/Console/Input/ArrayInput), Object(Illuminate/Console/OutputStyle))
#44 C:/xampp8.1.17/htdocs/chatroom-app1/vendor/laravel/framework/src/Illuminate/Console/Concerns/CallsCommands.php(68): Illuminate/Console/Command->run(Object(Symfony/Component/Console/Input/ArrayInput), Object(Illuminate/Console/OutputStyle))
#45 C:/xampp8.1.17/htdocs/chatroom-app1/vendor/laravel/framework/src/Illuminate/Console/Concerns/CallsCommands.php(28): Illuminate/Console/Command->runCommand('db:seed', Array, Object(Illuminate/Console/OutputStyle))
#46 C:/xampp8.1.17/htdocs/chatroom-app1/vendor/laravel/framework/src/Illuminate/Database/Console/Migrations/FreshCommand.php(94): Illuminate/Console/Command->call('db:seed', Array)
#47 C:/xampp8.1.17/htdocs/chatroom-app1/vendor/laravel/framework/src/Illuminate/Database/Console/Migrations/FreshCommand.php(69): Illuminate/Database/Console/Migrations/FreshCommand->runSeeder(NULL)
#48 C:/xampp8.1.17/htdocs/chatroom-app1/vendor/laravel/framework/src/Illuminate/Container/BoundMethod.php(36): Illuminate/Database/Console/Migrations/FreshCommand->handle()
#49 C:/xampp8.1.17/htdocs/chatroom-app1/vendor/laravel/framework/src/Illuminate/Container/Util.php(41): Illuminate/Container/BoundMethod::Illuminate/Container/{closure}()
#50 C:/xampp8.1.17/htdocs/chatroom-app1/vendor/laravel/framework/src/Illuminate/Container/BoundMethod.php(93): Illuminate/Container/Util::unwrapIfClosure(Object(Closure))
#51 C:/xampp8.1.17/htdocs/chatroom-app1/vendor/laravel/framework/src/Illuminate/Container/BoundMethod.php(37): Illuminate/Container/BoundMethod::callBoundMethod(Object(Illuminate/Foundation/Application), Array, Object(Closure))
#52 C:/xampp8.1.17/htdocs/chatroom-app1/vendor/laravel/framework/src/Illuminate/Container/Container.php(662): Illuminate/Container/BoundMethod::call(Object(Illuminate/Foundation/Application), Array, Array, NULL)
#53 C:/xampp8.1.17/htdocs/chatroom-app1/vendor/laravel/framework/src/Illuminate/Console/Command.php(211): Illuminate/Container/Container->call(Array)
#54 C:/xampp8.1.17/htdocs/chatroom-app1/vendor/symfony/console/Command/Command.php(326): Illuminate/Console/Command->execute(Object(Symfony/Component/Console/Input/ArgvInput), Object(Illuminate/Console/OutputStyle))
#55 C:/xampp8.1.17/htdocs/chatroom-app1/vendor/laravel/framework/src/Illuminate/Console/Command.php(181): Symfony/Component/Console/Command/Command->run(Object(Symfony/Component/Console/Input/ArgvInput), Object(Illuminate/Console/OutputStyle))
#56 C:/xampp8.1.17/htdocs/chatroom-app1/vendor/symfony/console/Application.php(1121): Illuminate/Console/Command->run(Object(Symfony/Component/Console/Input/ArgvInput), Object(Symfony/Component/Console/Output/ConsoleOutput))
#57 C:/xampp8.1.17/htdocs/chatroom-app1/vendor/symfony/console/Application.php(324): Symfony/Component/Console/Application->doRunCommand(Object(Illuminate/Database/Console/Migrations/FreshCommand), Object(Symfony/Component/Console/Input/ArgvInput), Object(Symfony/Component/Console/Output/ConsoleOutput))
#58 C:/xampp8.1.17/htdocs/chatroom-app1/vendor/symfony/console/Application.php(175): Symfony/Component/Console/Application->doRun(Object(Symfony/Component/Console/Input/ArgvInput), Object(Symfony/Component/Console/Output/ConsoleOutput))
#59 C:/xampp8.1.17/htdocs/chatroom-app1/vendor/laravel/framework/src/Illuminate/Foundation/Console/Kernel.php(201): Symfony/Component/Console/Application->run(Object(Symfony/Component/Console/Input/ArgvInput), Object(Symfony/Component/Console/Output/ConsoleOutput))
#60 C:/xampp8.1.17/htdocs/chatroom-app1/artisan(37): Illuminate/Foundation/Console/Kernel->handle(Object(Symfony/Component/Console/Input/ArgvInput), Object(Symfony/Component/Console/Output/ConsoleOutput))
#61 {main}
"} 
[2026-09-04 07:15:40] local.ERROR: SQLSTATE[23000]: Integrity constraint violation: 1062 Duplicate entry 'ABC123' for key 'chat_message_tbl_code_unique' (Connection: mysql, SQL: insert into `chat_message_tbl` (`code`, `created_at`, `message`, `sender`, `updated_at`) values (ABC123, 2026-09-04 07:15:40, Hello, this is the first message!, User1, 2026-09-04 07:15:40), (ABC123, 2026-09-04 07:15:40, Hi there! Nice to meet you., User2, 2026-09-04 07:15:40)) {"exception":"[object] (Illuminate\\Database\\UniqueConstraintViolationException(code: 23000): SQLSTATE[23000]: Integrity constraint violation: 1062 Duplicate entry 'ABC123' for key 'chat_message_tbl_code_unique' (Connection: mysql, SQL: insert into `chat_message_tbl` (`code`, `created_at`, `message`, `sender`, `updated_at`) values (ABC123, 2026-09-04 07:15:40, Hello, this is the first message!, User1, 2026-09-04 07:15:40), (ABC123, 2026-09-04 07:15:40, Hi there! Nice to meet you., User2, 2026-09-04 07:15:40)) at C:/xampp8.1.17/htdocs/chatroom-app1/vendor/laravel/framework/src/Illuminate/Database/Connection.php:824)
[stacktrace]
#0 C:/xampp8.1.17/htdocs/chatroom-app1/vendor/laravel/framework/src/Illuminate/Database/Connection.php(783): Illuminate/Database/Connection->runQueryCallback('insert into `ch...', Array, Object(Closure))
#1 C:/xampp8.1.17/htdocs/chatroom-app1/vendor/laravel/framework/src/Illuminate/Database/MySqlConnection.php(50): Illuminate/Database/Connection->run('insert into `ch...', Array, Object(Closure))
#2 C:/xampp8.1.17/htdocs/chatroom-app1/vendor/laravel/framework/src/Illuminate/Database/Query/Builder.php(3500): Illuminate/Database/MySqlConnection->insert('insert into `ch...', Array)
#3 C:/xampp8.1.17/htdocs/chatroom-app1/database/seeders/ChatMessageSeeder.php(29): Illuminate/Database/Query/Builder->insert(Array)
#4 C:/xampp8.1.17/htdocs/chatroom-app1/vendor/laravel/framework/src/Illuminate/Container/BoundMethod.php(36): Database/Seeders/ChatMessageSeeder->run()
#5 C:/xampp8.1.17/htdocs/chatroom-app1/vendor/laravel/framework/src/Illuminate/Container/Util.php(41): Illuminate/Container/BoundMethod::Illuminate/Container/{closure}()
#6 C:/xampp8.1.17/htdocs/chatroom-app1/vendor/laravel/framework/src/Illuminate/Container/BoundMethod.php(93): Illuminate/Container/Util::unwrapIfClosure(Object(Closure))
#7 C:/xampp8.1.17/htdocs/chatroom-app1/vendor/laravel/framework/src/Illuminate/Container/BoundMethod.php(37): Illuminate/Container/BoundMethod::callBoundMethod(Object(Illuminate/Foundation/Application), Array, Object(Closure))
#8 C:/xampp8.1.17/htdocs/chatroom-app1/vendor/laravel/framework/src/Illuminate/Container/Container.php(662): Illuminate/Container/BoundMethod::call(Object(Illuminate/Foundation/Application), Array, Array, NULL)
#9 C:/xampp8.1.17/htdocs/chatroom-app1/vendor/laravel/framework/src/Illuminate/Database/Seeder.php(184): Illuminate/Container/Container->call(Array, Array)
#10 C:/xampp8.1.17/htdocs/chatroom-app1/vendor/laravel/framework/src/Illuminate/Database/Seeder.php(193): Illuminate/Database/Seeder->Illuminate/Database/{closure}()
#11 C:/xampp8.1.17/htdocs/chatroom-app1/vendor/laravel/framework/src/Illuminate/Database/Seeder.php(61): Illuminate/Database/Seeder->__invoke(Array)
#12 C:/xampp8.1.17/htdocs/chatroom-app1/database/seeders/DatabaseSeeder.php(17): Illuminate/Database/Seeder->call('Database//Seeder...')
#13 C:/xampp8.1.17/htdocs/chatroom-app1/vendor/laravel/framework/src/Illuminate/Container/BoundMethod.php(36): Database/Seeders/DatabaseSeeder->run()
#14 C:/xampp8.1.17/htdocs/chatroom-app1/vendor/laravel/framework/src/Illuminate/Container/Util.php(41): Illuminate/Container/BoundMethod::Illuminate/Container/{closure}()
#15 C:/xampp8.1.17/htdocs/chatroom-app1/vendor/laravel/framework/src/Illuminate/Container/BoundMethod.php(93): Illuminate/Container/Util::unwrapIfClosure(Object(Closure))
#16 C:/xampp8.1.17/htdocs/chatroom-app1/vendor/laravel/framework/src/Illuminate/Container/BoundMethod.php(37): Illuminate/Container/BoundMethod::callBoundMethod(Object(Illuminate/Foundation/Application), Array, Object(Closure))
#17 C:/xampp8.1.17/htdocs/chatroom-app1/vendor/laravel/framework/src/Illuminate/Container/Container.php(662): Illuminate/Container/BoundMethod::call(Object(Illuminate/Foundation/Application), Array, Array, NULL)
#18 C:/xampp8.1.17/htdocs/chatroom-app1/vendor/laravel/framework/src/Illuminate/Database/Seeder.php(184): Illuminate/Container/Container->call(Array, Array)
#19 C:/xampp8.1.17/htdocs/chatroom-app1/vendor/laravel/framework/src/Illuminate/Database/Seeder.php(193): Illuminate/Database/Seeder->Illuminate/Database/{closure}()
#20 C:/xampp8.1.17/htdocs/chatroom-app1/vendor/laravel/framework/src/Illuminate/Database/Console/Seeds/SeedCommand.php(70): Illuminate/Database/Seeder->__invoke()
#21 C:/xampp8.1.17/htdocs/chatroom-app1/vendor/laravel/framework/src/Illuminate/Database/Eloquent/Concerns/GuardsAttributes.php(155): Illuminate/Database/Console/Seeds/SeedCommand->Illuminate/Database/Console/Seeds/{closure}()
#22 C:/xampp8.1.17/htdocs/chatroom-app1/vendor/laravel/framework/src/Illuminate/Database/Console/Seeds/SeedCommand.php(71): Illuminate/Database/Eloquent/Model::unguarded(Object(Closure))
#23 C:/xampp8.1.17/htdocs/chatroom-app1/vendor/laravel/framework/src/Illuminate/Container/BoundMethod.php(36): Illuminate/Database/Console/Seeds/SeedCommand->handle()
#24 C:/xampp8.1.17/htdocs/chatroom-app1/vendor/laravel/framework/src/Illuminate/Container/Util.php(41): Illuminate/Container/BoundMethod::Illuminate/Container/{closure}()
#25 C:/xampp8.1.17/htdocs/chatroom-app1/vendor/laravel/framework/src/Illuminate/Container/BoundMethod.php(93): Illuminate/Container/Util::unwrapIfClosure(Object(Closure))
#26 C:/xampp8.1.17/htdocs/chatroom-app1/vendor/laravel/framework/src/Illuminate/Container/BoundMethod.php(37): Illuminate/Container/BoundMethod::callBoundMethod(Object(Illuminate/Foundation/Application), Array, Object(Closure))
#27 C:/xampp8.1.17/htdocs/chatroom-app1/vendor/laravel/framework/src/Illuminate/Container/Container.php(662): Illuminate/Container/BoundMethod::call(Object(Illuminate/Foundation/Application), Array, Array, NULL)
#28 C:/xampp8.1.17/htdocs/chatroom-app1/vendor/laravel/framework/src/Illuminate/Console/Command.php(211): Illuminate/Container/Container->call(Array)
#29 C:/xampp8.1.17/htdocs/chatroom-app1/vendor/symfony/console/Command/Command.php(326): Illuminate/Console/Command->execute(Object(Symfony/Component/Console/Input/ArrayInput), Object(Illuminate/Console/OutputStyle))
#30 C:/xampp8.1.17/htdocs/chatroom-app1/vendor/laravel/framework/src/Illuminate/Console/Command.php(181): Symfony/Component/Console/Command/Command->run(Object(Symfony/Component/Console/Input/ArrayInput), Object(Illuminate/Console/OutputStyle))
#31 C:/xampp8.1.17/htdocs/chatroom-app1/vendor/laravel/framework/src/Illuminate/Console/Concerns/CallsCommands.php(68): Illuminate/Console/Command->run(Object(Symfony/Component/Console/Input/ArrayInput), Object(Illuminate/Console/OutputStyle))
#32 C:/xampp8.1.17/htdocs/chatroom-app1/vendor/laravel/framework/src/Illuminate/Console/Concerns/CallsCommands.php(28): Illuminate/Console/Command->runCommand('db:seed', Array, Object(Illuminate/Console/OutputStyle))
#33 C:/xampp8.1.17/htdocs/chatroom-app1/vendor/laravel/framework/src/Illuminate/Database/Console/Migrations/FreshCommand.php(94): Illuminate/Console/Command->call('db:seed', Array)
#34 C:/xampp8.1.17/htdocs/chatroom-app1/vendor/laravel/framework/src/Illuminate/Database/Console/Migrations/FreshCommand.php(69): Illuminate/Database/Console/Migrations/FreshCommand->runSeeder(NULL)
#35 C:/xampp8.1.17/htdocs/chatroom-app1/vendor/laravel/framework/src/Illuminate/Container/BoundMethod.php(36): Illuminate/Database/Console/Migrations/FreshCommand->handle()
#36 C:/xampp8.1.17/htdocs/chatroom-app1/vendor/laravel/framework/src/Illuminate/Container/Util.php(41): Illuminate/Container/BoundMethod::Illuminate/Container/{closure}()
#37 C:/xampp8.1.17/htdocs/chatroom-app1/vendor/laravel/framework/src/Illuminate/Container/BoundMethod.php(93): Illuminate/Container/Util::unwrapIfClosure(Object(Closure))
#38 C:/xampp8.1.17/htdocs/chatroom-app1/vendor/laravel/framework/src/Illuminate/Container/BoundMethod.php(37): Illuminate/Container/BoundMethod::callBoundMethod(Object(Illuminate/Foundation/Application), Array, Object(Closure))
#39 C:/xampp8.1.17/htdocs/chatroom-app1/vendor/laravel/framework/src/Illuminate/Container/Container.php(662): Illuminate/Container/BoundMethod::call(Object(Illuminate/Foundation/Application), Array, Array, NULL)
#40 C:/xampp8.1.17/htdocs/chatroom-app1/vendor/laravel/framework/src/Illuminate/Console/Command.php(211): Illuminate/Container/Container->call(Array)
#41 C:/xampp8.1.17/htdocs/chatroom-app1/vendor/symfony/console/Command/Command.php(326): Illuminate/Console/Command->execute(Object(Symfony/Component/Console/Input/ArgvInput), Object(Illuminate/Console/OutputStyle))
#42 C:/xampp8.1.17/htdocs/chatroom-app1/vendor/laravel/framework/src/Illuminate/Console/Command.php(181): Symfony/Component/Console/Command/Command->run(Object(Symfony/Component/Console/Input/ArgvInput), Object(Illuminate/Console/OutputStyle))
#43 C:/xampp8.1.17/htdocs/chatroom-app1/vendor/symfony/console/Application.php(1121): Illuminate/Console/Command->run(Object(Symfony/Component/Console/Input/ArgvInput), Object(Symfony/Component/Console/Output/ConsoleOutput))
#44 C:/xampp8.1.17/htdocs/chatroom-app1/vendor/symfony/console/Application.php(324): Symfony/Component/Console/Application->doRunCommand(Object(Illuminate/Database/Console/Migrations/FreshCommand), Object(Symfony/Component/Console/Input/ArgvInput), Object(Symfony/Component/Console/Output/ConsoleOutput))
#45 C:/xampp8.1.17/htdocs/chatroom-app1/vendor/symfony/console/Application.php(175): Symfony/Component/Console/Application->doRun(Object(Symfony/Component/Console/Input/ArgvInput), Object(Symfony/Component/Console/Output/ConsoleOutput))
#46 C:/xampp8.1.17/htdocs/chatroom-app1/vendor/laravel/framework/src/Illuminate/Foundation/Console/Kernel.php(201): Symfony/Component/Console/Application->run(Object(Symfony/Component/Console/Input/ArgvInput), Object(Symfony/Component/Console/Output/ConsoleOutput))
#47 C:/xampp8.1.17/htdocs/chatroom-app1/artisan(37): Illuminate/Foundation/Console/Kernel->handle(Object(Symfony/Component/Console/Input/ArgvInput), Object(Symfony/Component/Console/Output/ConsoleOutput))
#48 {main}

[previous exception] [object] (PDOException(code: 23000): SQLSTATE[23000]: Integrity constraint violation: 1062 Duplicate entry 'ABC123' for key 'chat_message_tbl_code_unique' at C:/xampp8.1.17/htdocs/chatroom-app1/vendor/laravel/framework/src/Illuminate/Database/MySqlConnection.php:45)
[stacktrace]
#0 C:/xampp8.1.17/htdocs/chatroom-app1/vendor/laravel/framework/src/Illuminate/Database/MySqlConnection.php(45): PDOStatement->execute()
#1 C:/xampp8.1.17/htdocs/chatroom-app1/vendor/laravel/framework/src/Illuminate/Database/Connection.php(816): Illuminate/Database/MySqlConnection->Illuminate/Database/{closure}('insert into `ch...', Array)
#2 C:/xampp8.1.17/htdocs/chatroom-app1/vendor/laravel/framework/src/Illuminate/Database/Connection.php(783): Illuminate/Database/Connection->runQueryCallback('insert into `ch...', Array, Object(Closure))
#3 C:/xampp8.1.17/htdocs/chatroom-app1/vendor/laravel/framework/src/Illuminate/Database/MySqlConnection.php(50): Illuminate/Database/Connection->run('insert into `ch...', Array, Object(Closure))
#4 C:/xampp8.1.17/htdocs/chatroom-app1/vendor/laravel/framework/src/Illuminate/Database/Query/Builder.php(3500): Illuminate/Database/MySqlConnection->insert('insert into `ch...', Array)
#5 C:/xampp8.1.17/htdocs/chatroom-app1/database/seeders/ChatMessageSeeder.php(29): Illuminate/Database/Query/Builder->insert(Array)
#6 C:/xampp8.1.17/htdocs/chatroom-app1/vendor/laravel/framework/src/Illuminate/Container/BoundMethod.php(36): Database/Seeders/ChatMessageSeeder->run()
#7 C:/xampp8.1.17/htdocs/chatroom-app1/vendor/laravel/framework/src/Illuminate/Container/Util.php(41): Illuminate/Container/BoundMethod::Illuminate/Container/{closure}()
#8 C:/xampp8.1.17/htdocs/chatroom-app1/vendor/laravel/framework/src/Illuminate/Container/BoundMethod.php(93): Illuminate/Container/Util::unwrapIfClosure(Object(Closure))
#9 C:/xampp8.1.17/htdocs/chatroom-app1/vendor/laravel/framework/src/Illuminate/Container/BoundMethod.php(37): Illuminate/Container/BoundMethod::callBoundMethod(Object(Illuminate/Foundation/Application), Array, Object(Closure))
#10 C:/xampp8.1.17/htdocs/chatroom-app1/vendor/laravel/framework/src/Illuminate/Container/Container.php(662): Illuminate/Container/BoundMethod::call(Object(Illuminate/Foundation/Application), Array, Array, NULL)
#11 C:/xampp8.1.17/htdocs/chatroom-app1/vendor/laravel/framework/src/Illuminate/Database/Seeder.php(184): Illuminate/Container/Container->call(Array, Array)
#12 C:/xampp8.1.17/htdocs/chatroom-app1/vendor/laravel/framework/src/Illuminate/Database/Seeder.php(193): Illuminate/Database/Seeder->Illuminate/Database/{closure}()
#13 C:/xampp8.1.17/htdocs/chatroom-app1/vendor/laravel/framework/src/Illuminate/Database/Seeder.php(61): Illuminate/Database/Seeder->__invoke(Array)
#14 C:/xampp8.1.17/htdocs/chatroom-app1/database/seeders/DatabaseSeeder.php(17): Illuminate/Database/Seeder->call('Database//Seeder...')
#15 C:/xampp8.1.17/htdocs/chatroom-app1/vendor/laravel/framework/src/Illuminate/Container/BoundMethod.php(36): Database/Seeders/DatabaseSeeder->run()
#16 C:/xampp8.1.17/htdocs/chatroom-app1/vendor/laravel/framework/src/Illuminate/Container/Util.php(41): Illuminate/Container/BoundMethod::Illuminate/Container/{closure}()
#17 C:/xampp8.1.17/htdocs/chatroom-app1/vendor/laravel/framework/src/Illuminate/Container/BoundMethod.php(93): Illuminate/Container/Util::unwrapIfClosure(Object(Closure))
#18 C:/xampp8.1.17/htdocs/chatroom-app1/vendor/laravel/framework/src/Illuminate/Container/BoundMethod.php(37): Illuminate/Container/BoundMethod::callBoundMethod(Object(Illuminate/Foundation/Application), Array, Object(Closure))
#19 C:/xampp8.1.17/htdocs/chatroom-app1/vendor/laravel/framework/src/Illuminate/Container/Container.php(662): Illuminate/Container/BoundMethod::call(Object(Illuminate/Foundation/Application), Array, Array, NULL)
#20 C:/xampp8.1.17/htdocs/chatroom-app1/vendor/laravel/framework/src/Illuminate/Database/Seeder.php(184): Illuminate/Container/Container->call(Array, Array)
#21 C:/xampp8.1.17/htdocs/chatroom-app1/vendor/laravel/framework/src/Illuminate/Database/Seeder.php(193): Illuminate/Database/Seeder->Illuminate/Database/{closure}()
#22 C:/xampp8.1.17/htdocs/chatroom-app1/vendor/laravel/framework/src/Illuminate/Database/Console/Seeds/SeedCommand.php(70): Illuminate/Database/Seeder->__invoke()
#23 C:/xampp8.1.17/htdocs/chatroom-app1/vendor/laravel/framework/src/Illuminate/Database/Eloquent/Concerns/GuardsAttributes.php(155): Illuminate/Database/Console/Seeds/SeedCommand->Illuminate/Database/Console/Seeds/{closure}()
#24 C:/xampp8.1.17/htdocs/chatroom-app1/vendor/laravel/framework/src/Illuminate/Database/Console/Seeds/SeedCommand.php(71): Illuminate/Database/Eloquent/Model::unguarded(Object(Closure))
#25 C:/xampp8.1.17/htdocs/chatroom-app1/vendor/laravel/framework/src/Illuminate/Container/BoundMethod.php(36): Illuminate/Database/Console/Seeds/SeedCommand->handle()
#26 C:/xampp8.1.17/htdocs/chatroom-app1/vendor/laravel/framework/src/Illuminate/Container/Util.php(41): Illuminate/Container/BoundMethod::Illuminate/Container/{closure}()
#27 C:/xampp8.1.17/htdocs/chatroom-app1/vendor/laravel/framework/src/Illuminate/Container/BoundMethod.php(93): Illuminate/Container/Util::unwrapIfClosure(Object(Closure))
#28 C:/xampp8.1.17/htdocs/chatroom-app1/vendor/laravel/framework/src/Illuminate/Container/BoundMethod.php(37): Illuminate/Container/BoundMethod::callBoundMethod(Object(Illuminate/Foundation/Application), Array, Object(Closure))
#29 C:/xampp8.1.17/htdocs/chatroom-app1/vendor/laravel/framework/src/Illuminate/Container/Container.php(662): Illuminate/Container/BoundMethod::call(Object(Illuminate/Foundation/Application), Array, Array, NULL)
#30 C:/xampp8.1.17/htdocs/chatroom-app1/vendor/laravel/framework/src/Illuminate/Console/Command.php(211): Illuminate/Container/Container->call(Array)
#31 C:/xampp8.1.17/htdocs/chatroom-app1/vendor/symfony/console/Command/Command.php(326): Illuminate/Console/Command->execute(Object(Symfony/Component/Console/Input/ArrayInput), Object(Illuminate/Console/OutputStyle))
#32 C:/xampp8.1.17/htdocs/chatroom-app1/vendor/laravel/framework/src/Illuminate/Console/Command.php(181): Symfony/Component/Console/Command/Command->run(Object(Symfony/Component/Console/Input/ArrayInput), Object(Illuminate/Console/OutputStyle))
#33 C:/xampp8.1.17/htdocs/chatroom-app1/vendor/laravel/framework/src/Illuminate/Console/Concerns/CallsCommands.php(68): Illuminate/Console/Command->run(Object(Symfony/Component/Console/Input/ArrayInput), Object(Illuminate/Console/OutputStyle))
#34 C:/xampp8.1.17/htdocs/chatroom-app1/vendor/laravel/framework/src/Illuminate/Console/Concerns/CallsCommands.php(28): Illuminate/Console/Command->runCommand('db:seed', Array, Object(Illuminate/Console/OutputStyle))
#35 C:/xampp8.1.17/htdocs/chatroom-app1/vendor/laravel/framework/src/Illuminate/Database/Console/Migrations/FreshCommand.php(94): Illuminate/Console/Command->call('db:seed', Array)
#36 C:/xampp8.1.17/htdocs/chatroom-app1/vendor/laravel/framework/src/Illuminate/Database/Console/Migrations/FreshCommand.php(69): Illuminate/Database/Console/Migrations/FreshCommand->runSeeder(NULL)
#37 C:/xampp8.1.17/htdocs/chatroom-app1/vendor/laravel/framework/src/Illuminate/Container/BoundMethod.php(36): Illuminate/Database/Console/Migrations/FreshCommand->handle()
#38 C:/xampp8.1.17/htdocs/chatroom-app1/vendor/laravel/framework/src/Illuminate/Container/Util.php(41): Illuminate/Container/BoundMethod::Illuminate/Container/{closure}()
#39 C:/xampp8.1.17/htdocs/chatroom-app1/vendor/laravel/framework/src/Illuminate/Container/BoundMethod.php(93): Illuminate/Container/Util::unwrapIfClosure(Object(Closure))
#40 C:/xampp8.1.17/htdocs/chatroom-app1/vendor/laravel/framework/src/Illuminate/Container/BoundMethod.php(37): Illuminate/Container/BoundMethod::callBoundMethod(Object(Illuminate/Foundation/Application), Array, Object(Closure))
#41 C:/xampp8.1.17/htdocs/chatroom-app1/vendor/laravel/framework/src/Illuminate/Container/Container.php(662): Illuminate/Container/BoundMethod::call(Object(Illuminate/Foundation/Application), Array, Array, NULL)
#42 C:/xampp8.1.17/htdocs/chatroom-app1/vendor/laravel/framework/src/Illuminate/Console/Command.php(211): Illuminate/Container/Container->call(Array)
#43 C:/xampp8.1.17/htdocs/chatroom-app1/vendor/symfony/console/Command/Command.php(326): Illuminate/Console/Command->execute(Object(Symfony/Component/Console/Input/ArgvInput), Object(Illuminate/Console/OutputStyle))
#44 C:/xampp8.1.17/htdocs/chatroom-app1/vendor/laravel/framework/src/Illuminate/Console/Command.php(181): Symfony/Component/Console/Command/Command->run(Object(Symfony/Component/Console/Input/ArgvInput), Object(Illuminate/Console/OutputStyle))
#45 C:/xampp8.1.17/htdocs/chatroom-app1/vendor/symfony/console/Application.php(1121): Illuminate/Console/Command->run(Object(Symfony/Component/Console/Input/ArgvInput), Object(Symfony/Component/Console/Output/ConsoleOutput))
#46 C:/xampp8.1.17/htdocs/chatroom-app1/vendor/symfony/console/Application.php(324): Symfony/Component/Console/Application->doRunCommand(Object(Illuminate/Database/Console/Migrations/FreshCommand), Object(Symfony/Component/Console/Input/ArgvInput), Object(Symfony/Component/Console/Output/ConsoleOutput))
#47 C:/xampp8.1.17/htdocs/chatroom-app1/vendor/symfony/console/Application.php(175): Symfony/Component/Console/Application->doRun(Object(Symfony/Component/Console/Input/ArgvInput), Object(Symfony/Component/Console/Output/ConsoleOutput))
#48 C:/xampp8.1.17/htdocs/chatroom-app1/vendor/laravel/framework/src/Illuminate/Foundation/Console/Kernel.php(201): Symfony/Component/Console/Application->run(Object(Symfony/Component/Console/Input/ArgvInput), Object(Symfony/Component/Console/Output/ConsoleOutput))
#49 C:/xampp8.1.17/htdocs/chatroom-app1/artisan(37): Illuminate/Foundation/Console/Kernel->handle(Object(Symfony/Component/Console/Input/ArgvInput), Object(Symfony/Component/Console/Output/ConsoleOutput))
#50 {main}
"} 
[2026-09-04 07:36:16] local.ERROR: SQLSTATE[42S02]: Base table or view not found: 1146 Table 'laravel.chat_messages' doesn't exist (Connection: mysql, SQL: select * from `chat_messages` where `code` = ABC123) {"exception":"[object] (Illuminate\\Database\\QueryException(code: 42S02): SQLSTATE[42S02]: Base table or view not found: 1146 Table 'laravel.chat_messages' doesn't exist (Connection: mysql, SQL: select * from `chat_messages` where `code` = ABC123) at C:/xampp8.1.17/htdocs/chatroom-app1/vendor/laravel/framework/src/Illuminate/Database/Connection.php:829)
[stacktrace]
#0 C:/xampp8.1.17/htdocs/chatroom-app1/vendor/laravel/framework/src/Illuminate/Database/Connection.php(783): Illuminate/Database/Connection->runQueryCallback('select * from `...', Array, Object(Closure))
#1 C:/xampp8.1.17/htdocs/chatroom-app1/vendor/laravel/framework/src/Illuminate/Database/Connection.php(431): Illuminate/Database/Connection->run('select * from `...', Array, Object(Closure))
#2 C:/xampp8.1.17/htdocs/chatroom-app1/vendor/laravel/framework/src/Illuminate/Database/Query/Builder.php(2914): Illuminate/Database/Connection->select('select * from `...', Array, true)
#3 C:/xampp8.1.17/htdocs/chatroom-app1/vendor/laravel/framework/src/Illuminate/Database/Query/Builder.php(2902): Illuminate/Database/Query/Builder->runSelect()
#4 C:/xampp8.1.17/htdocs/chatroom-app1/vendor/laravel/framework/src/Illuminate/Database/Query/Builder.php(3456): Illuminate/Database/Query/Builder->Illuminate/Database/Query/{closure}()
#5 C:/xampp8.1.17/htdocs/chatroom-app1/vendor/laravel/framework/src/Illuminate/Database/Query/Builder.php(2903): Illuminate/Database/Query/Builder->onceWithColumns(Array, Object(Closure))
#6 C:/xampp8.1.17/htdocs/chatroom-app1/vendor/laravel/framework/src/Illuminate/Database/Eloquent/Builder.php(739): Illuminate/Database/Query/Builder->get(Array)
#7 C:/xampp8.1.17/htdocs/chatroom-app1/vendor/laravel/framework/src/Illuminate/Database/Eloquent/Builder.php(723): Illuminate/Database/Eloquent/Builder->getModels(Array)
#8 C:/xampp8.1.17/htdocs/chatroom-app1/app/Http/Controllers/ChatController.php(15): Illuminate/Database/Eloquent/Builder->get()
#9 C:/xampp8.1.17/htdocs/chatroom-app1/vendor/laravel/framework/src/Illuminate/Routing/Controller.php(54): App/Http/Controllers/ChatController->allChatMessages('ABC123')
#10 C:/xampp8.1.17/htdocs/chatroom-app1/vendor/laravel/framework/src/Illuminate/Routing/ControllerDispatcher.php(43): Illuminate/Routing/Controller->callAction('allChatMessages', Array)
#11 C:/xampp8.1.17/htdocs/chatroom-app1/vendor/laravel/framework/src/Illuminate/Routing/Route.php(260): Illuminate/Routing/ControllerDispatcher->dispatch(Object(Illuminate/Routing/Route), Object(App/Http/Controllers/ChatController), 'allChatMessages')
#12 C:/xampp8.1.17/htdocs/chatroom-app1/vendor/laravel/framework/src/Illuminate/Routing/Route.php(205): Illuminate/Routing/Route->runController()
#13 C:/xampp8.1.17/htdocs/chatroom-app1/vendor/laravel/framework/src/Illuminate/Routing/Router.php(806): Illuminate/Routing/Route->run()
#14 C:/xampp8.1.17/htdocs/chatroom-app1/vendor/laravel/framework/src/Illuminate/Pipeline/Pipeline.php(144): Illuminate/Routing/Router->Illuminate/Routing/{closure}(Object(Illuminate/Http/Request))
#15 C:/xampp8.1.17/htdocs/chatroom-app1/vendor/laravel/framework/src/Illuminate/Routing/Middleware/SubstituteBindings.php(50): Illuminate/Pipeline/Pipeline->Illuminate/Pipeline/{closure}(Object(Illuminate/Http/Request))
#16 C:/xampp8.1.17/htdocs/chatroom-app1/vendor/laravel/framework/src/Illuminate/Pipeline/Pipeline.php(183): Illuminate/Routing/Middleware/SubstituteBindings->handle(Object(Illuminate/Http/Request), Object(Closure))
#17 C:/xampp8.1.17/htdocs/chatroom-app1/vendor/laravel/framework/src/Illuminate/Routing/Middleware/ThrottleRequests.php(159): Illuminate/Pipeline/Pipeline->Illuminate/Pipeline/{closure}(Object(Illuminate/Http/Request))
#18 C:/xampp8.1.17/htdocs/chatroom-app1/vendor/laravel/framework/src/Illuminate/Routing/Middleware/ThrottleRequests.php(135): Illuminate/Routing/Middleware/ThrottleRequests->handleRequest(Object(Illuminate/Http/Request), Object(Closure), Array)
#19 C:/xampp8.1.17/htdocs/chatroom-app1/vendor/laravel/framework/src/Illuminate/Routing/Middleware/ThrottleRequests.php(87): Illuminate/Routing/Middleware/ThrottleRequests->handleRequestUsingNamedLimiter(Object(Illuminate/Http/Request), Object(Closure), 'api', Object(Closure))
#20 C:/xampp8.1.17/htdocs/chatroom-app1/vendor/laravel/framework/src/Illuminate/Pipeline/Pipeline.php(183): Illuminate/Routing/Middleware/ThrottleRequests->handle(Object(Illuminate/Http/Request), Object(Closure), 'api')
#21 C:/xampp8.1.17/htdocs/chatroom-app1/vendor/laravel/framework/src/Illuminate/Pipeline/Pipeline.php(119): Illuminate/Pipeline/Pipeline->Illuminate/Pipeline/{closure}(Object(Illuminate/Http/Request))
#22 C:/xampp8.1.17/htdocs/chatroom-app1/vendor/laravel/framework/src/Illuminate/Routing/Router.php(807): Illuminate/Pipeline/Pipeline->then(Object(Closure))
#23 C:/xampp8.1.17/htdocs/chatroom-app1/vendor/laravel/framework/src/Illuminate/Routing/Router.php(784): Illuminate/Routing/Router->runRouteWithinStack(Object(Illuminate/Routing/Route), Object(Illuminate/Http/Request))
#24 C:/xampp8.1.17/htdocs/chatroom-app1/vendor/laravel/framework/src/Illuminate/Routing/Router.php(748): Illuminate/Routing/Router->runRoute(Object(Illuminate/Http/Request), Object(Illuminate/Routing/Route))
#25 C:/xampp8.1.17/htdocs/chatroom-app1/vendor/laravel/framework/src/Illuminate/Routing/Router.php(737): Illuminate/Routing/Router->dispatchToRoute(Object(Illuminate/Http/Request))
#26 C:/xampp8.1.17/htdocs/chatroom-app1/vendor/laravel/framework/src/Illuminate/Foundation/Http/Kernel.php(200): Illuminate/Routing/Router->dispatch(Object(Illuminate/Http/Request))
#27 C:/xampp8.1.17/htdocs/chatroom-app1/vendor/laravel/framework/src/Illuminate/Pipeline/Pipeline.php(144): Illuminate/Foundation/Http/Kernel->Illuminate/Foundation/Http/{closure}(Object(Illuminate/Http/Request))
#28 C:/xampp8.1.17/htdocs/chatroom-app1/vendor/laravel/framework/src/Illuminate/Foundation/Http/Middleware/TransformsRequest.php(21): Illuminate/Pipeline/Pipeline->Illuminate/Pipeline/{closure}(Object(Illuminate/Http/Request))
#29 C:/xampp8.1.17/htdocs/chatroom-app1/vendor/laravel/framework/src/Illuminate/Foundation/Http/Middleware/ConvertEmptyStringsToNull.php(31): Illuminate/Foundation/Http/Middleware/TransformsRequest->handle(Object(Illuminate/Http/Request), Object(Closure))
#30 C:/xampp8.1.17/htdocs/chatroom-app1/vendor/laravel/framework/src/Illuminate/Pipeline/Pipeline.php(183): Illuminate/Foundation/Http/Middleware/ConvertEmptyStringsToNull->handle(Object(Illuminate/Http/Request), Object(Closure))
#31 C:/xampp8.1.17/htdocs/chatroom-app1/vendor/laravel/framework/src/Illuminate/Foundation/Http/Middleware/TransformsRequest.php(21): Illuminate/Pipeline/Pipeline->Illuminate/Pipeline/{closure}(Object(Illuminate/Http/Request))
#32 C:/xampp8.1.17/htdocs/chatroom-app1/vendor/laravel/framework/src/Illuminate/Foundation/Http/Middleware/TrimStrings.php(40): Illuminate/Foundation/Http/Middleware/TransformsRequest->handle(Object(Illuminate/Http/Request), Object(Closure))
#33 C:/xampp8.1.17/htdocs/chatroom-app1/vendor/laravel/framework/src/Illuminate/Pipeline/Pipeline.php(183): Illuminate/Foundation/Http/Middleware/TrimStrings->handle(Object(Illuminate/Http/Request), Object(Closure))
#34 C:/xampp8.1.17/htdocs/chatroom-app1/vendor/laravel/framework/src/Illuminate/Foundation/Http/Middleware/ValidatePostSize.php(27): Illuminate/Pipeline/Pipeline->Illuminate/Pipeline/{closure}(Object(Illuminate/Http/Request))
#35 C:/xampp8.1.17/htdocs/chatroom-app1/vendor/laravel/framework/src/Illuminate/Pipeline/Pipeline.php(183): Illuminate/Foundation/Http/Middleware/ValidatePostSize->handle(Object(Illuminate/Http/Request), Object(Closure))
#36 C:/xampp8.1.17/htdocs/chatroom-app1/vendor/laravel/framework/src/Illuminate/Foundation/Http/Middleware/PreventRequestsDuringMaintenance.php(99): Illuminate/Pipeline/Pipeline->Illuminate/Pipeline/{closure}(Object(Illuminate/Http/Request))
#37 C:/xampp8.1.17/htdocs/chatroom-app1/vendor/laravel/framework/src/Illuminate/Pipeline/Pipeline.php(183): Illuminate/Foundation/Http/Middleware/PreventRequestsDuringMaintenance->handle(Object(Illuminate/Http/Request), Object(Closure))
#38 C:/xampp8.1.17/htdocs/chatroom-app1/vendor/laravel/framework/src/Illuminate/Http/Middleware/HandleCors.php(62): Illuminate/Pipeline/Pipeline->Illuminate/Pipeline/{closure}(Object(Illuminate/Http/Request))
#39 C:/xampp8.1.17/htdocs/chatroom-app1/vendor/laravel/framework/src/Illuminate/Pipeline/Pipeline.php(183): Illuminate/Http/Middleware/HandleCors->handle(Object(Illuminate/Http/Request), Object(Closure))
#40 C:/xampp8.1.17/htdocs/chatroom-app1/vendor/laravel/framework/src/Illuminate/Http/Middleware/TrustProxies.php(39): Illuminate/Pipeline/Pipeline->Illuminate/Pipeline/{closure}(Object(Illuminate/Http/Request))
#41 C:/xampp8.1.17/htdocs/chatroom-app1/vendor/laravel/framework/src/Illuminate/Pipeline/Pipeline.php(183): Illuminate/Http/Middleware/TrustProxies->handle(Object(Illuminate/Http/Request), Object(Closure))
#42 C:/xampp8.1.17/htdocs/chatroom-app1/vendor/laravel/framework/src/Illuminate/Pipeline/Pipeline.php(119): Illuminate/Pipeline/Pipeline->Illuminate/Pipeline/{closure}(Object(Illuminate/Http/Request))
#43 C:/xampp8.1.17/htdocs/chatroom-app1/vendor/laravel/framework/src/Illuminate/Foundation/Http/Kernel.php(175): Illuminate/Pipeline/Pipeline->then(Object(Closure))
#44 C:/xampp8.1.17/htdocs/chatroom-app1/vendor/laravel/framework/src/Illuminate/Foundation/Http/Kernel.php(144): Illuminate/Foundation/Http/Kernel->sendRequestThroughRouter(Object(Illuminate/Http/Request))
#45 C:/xampp8.1.17/htdocs/chatroom-app1/public/index.php(52): Illuminate/Foundation/Http/Kernel->handle(Object(Illuminate/Http/Request))
#46 C:/xampp8.1.17/htdocs/chatroom-app1/vendor/laravel/framework/src/Illuminate/Foundation/resources/server.php(16): require_once('C://xampp8.1.17//...')
#47 {main}

[previous exception] [object] (PDOException(code: 42S02): SQLSTATE[42S02]: Base table or view not found: 1146 Table 'laravel.chat_messages' doesn't exist at C:/xampp8.1.17/htdocs/chatroom-app1/vendor/laravel/framework/src/Illuminate/Database/Connection.php:423)
[stacktrace]
#0 C:/xampp8.1.17/htdocs/chatroom-app1/vendor/laravel/framework/src/Illuminate/Database/Connection.php(423): PDO->prepare('select * from `...')
#1 C:/xampp8.1.17/htdocs/chatroom-app1/vendor/laravel/framework/src/Illuminate/Database/Connection.php(816): Illuminate/Database/Connection->Illuminate/Database/{closure}('select * from `...', Array)
#2 C:/xampp8.1.17/htdocs/chatroom-app1/vendor/laravel/framework/src/Illuminate/Database/Connection.php(783): Illuminate/Database/Connection->runQueryCallback('select * from `...', Array, Object(Closure))
#3 C:/xampp8.1.17/htdocs/chatroom-app1/vendor/laravel/framework/src/Illuminate/Database/Connection.php(431): Illuminate/Database/Connection->run('select * from `...', Array, Object(Closure))
#4 C:/xampp8.1.17/htdocs/chatroom-app1/vendor/laravel/framework/src/Illuminate/Database/Query/Builder.php(2914): Illuminate/Database/Connection->select('select * from `...', Array, true)
#5 C:/xampp8.1.17/htdocs/chatroom-app1/vendor/laravel/framework/src/Illuminate/Database/Query/Builder.php(2902): Illuminate/Database/Query/Builder->runSelect()
#6 C:/xampp8.1.17/htdocs/chatroom-app1/vendor/laravel/framework/src/Illuminate/Database/Query/Builder.php(3456): Illuminate/Database/Query/Builder->Illuminate/Database/Query/{closure}()
#7 C:/xampp8.1.17/htdocs/chatroom-app1/vendor/laravel/framework/src/Illuminate/Database/Query/Builder.php(2903): Illuminate/Database/Query/Builder->onceWithColumns(Array, Object(Closure))
#8 C:/xampp8.1.17/htdocs/chatroom-app1/vendor/laravel/framework/src/Illuminate/Database/Eloquent/Builder.php(739): Illuminate/Database/Query/Builder->get(Array)
#9 C:/xampp8.1.17/htdocs/chatroom-app1/vendor/laravel/framework/src/Illuminate/Database/Eloquent/Builder.php(723): Illuminate/Database/Eloquent/Builder->getModels(Array)
#10 C:/xampp8.1.17/htdocs/chatroom-app1/app/Http/Controllers/ChatController.php(15): Illuminate/Database/Eloquent/Builder->get()
#11 C:/xampp8.1.17/htdocs/chatroom-app1/vendor/laravel/framework/src/Illuminate/Routing/Controller.php(54): App/Http/Controllers/ChatController->allChatMessages('ABC123')
#12 C:/xampp8.1.17/htdocs/chatroom-app1/vendor/laravel/framework/src/Illuminate/Routing/ControllerDispatcher.php(43): Illuminate/Routing/Controller->callAction('allChatMessages', Array)
#13 C:/xampp8.1.17/htdocs/chatroom-app1/vendor/laravel/framework/src/Illuminate/Routing/Route.php(260): Illuminate/Routing/ControllerDispatcher->dispatch(Object(Illuminate/Routing/Route), Object(App/Http/Controllers/ChatController), 'allChatMessages')
#14 C:/xampp8.1.17/htdocs/chatroom-app1/vendor/laravel/framework/src/Illuminate/Routing/Route.php(205): Illuminate/Routing/Route->runController()
#15 C:/xampp8.1.17/htdocs/chatroom-app1/vendor/laravel/framework/src/Illuminate/Routing/Router.php(806): Illuminate/Routing/Route->run()
#16 C:/xampp8.1.17/htdocs/chatroom-app1/vendor/laravel/framework/src/Illuminate/Pipeline/Pipeline.php(144): Illuminate/Routing/Router->Illuminate/Routing/{closure}(Object(Illuminate/Http/Request))
#17 C:/xampp8.1.17/htdocs/chatroom-app1/vendor/laravel/framework/src/Illuminate/Routing/Middleware/SubstituteBindings.php(50): Illuminate/Pipeline/Pipeline->Illuminate/Pipeline/{closure}(Object(Illuminate/Http/Request))
#18 C:/xampp8.1.17/htdocs/chatroom-app1/vendor/laravel/framework/src/Illuminate/Pipeline/Pipeline.php(183): Illuminate/Routing/Middleware/SubstituteBindings->handle(Object(Illuminate/Http/Request), Object(Closure))
#19 C:/xampp8.1.17/htdocs/chatroom-app1/vendor/laravel/framework/src/Illuminate/Routing/Middleware/ThrottleRequests.php(159): Illuminate/Pipeline/Pipeline->Illuminate/Pipeline/{closure}(Object(Illuminate/Http/Request))
#20 C:/xampp8.1.17/htdocs/chatroom-app1/vendor/laravel/framework/src/Illuminate/Routing/Middleware/ThrottleRequests.php(135): Illuminate/Routing/Middleware/ThrottleRequests->handleRequest(Object(Illuminate/Http/Request), Object(Closure), Array)
#21 C:/xampp8.1.17/htdocs/chatroom-app1/vendor/laravel/framework/src/Illuminate/Routing/Middleware/ThrottleRequests.php(87): Illuminate/Routing/Middleware/ThrottleRequests->handleRequestUsingNamedLimiter(Object(Illuminate/Http/Request), Object(Closure), 'api', Object(Closure))
#22 C:/xampp8.1.17/htdocs/chatroom-app1/vendor/laravel/framework/src/Illuminate/Pipeline/Pipeline.php(183): Illuminate/Routing/Middleware/ThrottleRequests->handle(Object(Illuminate/Http/Request), Object(Closure), 'api')
#23 C:/xampp8.1.17/htdocs/chatroom-app1/vendor/laravel/framework/src/Illuminate/Pipeline/Pipeline.php(119): Illuminate/Pipeline/Pipeline->Illuminate/Pipeline/{closure}(Object(Illuminate/Http/Request))
#24 C:/xampp8.1.17/htdocs/chatroom-app1/vendor/laravel/framework/src/Illuminate/Routing/Router.php(807): Illuminate/Pipeline/Pipeline->then(Object(Closure))
#25 C:/xampp8.1.17/htdocs/chatroom-app1/vendor/laravel/framework/src/Illuminate/Routing/Router.php(784): Illuminate/Routing/Router->runRouteWithinStack(Object(Illuminate/Routing/Route), Object(Illuminate/Http/Request))
#26 C:/xampp8.1.17/htdocs/chatroom-app1/vendor/laravel/framework/src/Illuminate/Routing/Router.php(748): Illuminate/Routing/Router->runRoute(Object(Illuminate/Http/Request), Object(Illuminate/Routing/Route))
#27 C:/xampp8.1.17/htdocs/chatroom-app1/vendor/laravel/framework/src/Illuminate/Routing/Router.php(737): Illuminate/Routing/Router->dispatchToRoute(Object(Illuminate/Http/Request))
#28 C:/xampp8.1.17/htdocs/chatroom-app1/vendor/laravel/framework/src/Illuminate/Foundation/Http/Kernel.php(200): Illuminate/Routing/Router->dispatch(Object(Illuminate/Http/Request))
#29 C:/xampp8.1.17/htdocs/chatroom-app1/vendor/laravel/framework/src/Illuminate/Pipeline/Pipeline.php(144): Illuminate/Foundation/Http/Kernel->Illuminate/Foundation/Http/{closure}(Object(Illuminate/Http/Request))
#30 C:/xampp8.1.17/htdocs/chatroom-app1/vendor/laravel/framework/src/Illuminate/Foundation/Http/Middleware/TransformsRequest.php(21): Illuminate/Pipeline/Pipeline->Illuminate/Pipeline/{closure}(Object(Illuminate/Http/Request))
#31 C:/xampp8.1.17/htdocs/chatroom-app1/vendor/laravel/framework/src/Illuminate/Foundation/Http/Middleware/ConvertEmptyStringsToNull.php(31): Illuminate/Foundation/Http/Middleware/TransformsRequest->handle(Object(Illuminate/Http/Request), Object(Closure))
#32 C:/xampp8.1.17/htdocs/chatroom-app1/vendor/laravel/framework/src/Illuminate/Pipeline/Pipeline.php(183): Illuminate/Foundation/Http/Middleware/ConvertEmptyStringsToNull->handle(Object(Illuminate/Http/Request), Object(Closure))
#33 C:/xampp8.1.17/htdocs/chatroom-app1/vendor/laravel/framework/src/Illuminate/Foundation/Http/Middleware/TransformsRequest.php(21): Illuminate/Pipeline/Pipeline->Illuminate/Pipeline/{closure}(Object(Illuminate/Http/Request))
#34 C:/xampp8.1.17/htdocs/chatroom-app1/vendor/laravel/framework/src/Illuminate/Foundation/Http/Middleware/TrimStrings.php(40): Illuminate/Foundation/Http/Middleware/TransformsRequest->handle(Object(Illuminate/Http/Request), Object(Closure))
#35 C:/xampp8.1.17/htdocs/chatroom-app1/vendor/laravel/framework/src/Illuminate/Pipeline/Pipeline.php(183): Illuminate/Foundation/Http/Middleware/TrimStrings->handle(Object(Illuminate/Http/Request), Object(Closure))
#36 C:/xampp8.1.17/htdocs/chatroom-app1/vendor/laravel/framework/src/Illuminate/Foundation/Http/Middleware/ValidatePostSize.php(27): Illuminate/Pipeline/Pipeline->Illuminate/Pipeline/{closure}(Object(Illuminate/Http/Request))
#37 C:/xampp8.1.17/htdocs/chatroom-app1/vendor/laravel/framework/src/Illuminate/Pipeline/Pipeline.php(183): Illuminate/Foundation/Http/Middleware/ValidatePostSize->handle(Object(Illuminate/Http/Request), Object(Closure))
#38 C:/xampp8.1.17/htdocs/chatroom-app1/vendor/laravel/framework/src/Illuminate/Foundation/Http/Middleware/PreventRequestsDuringMaintenance.php(99): Illuminate/Pipeline/Pipeline->Illuminate/Pipeline/{closure}(Object(Illuminate/Http/Request))
#39 C:/xampp8.1.17/htdocs/chatroom-app1/vendor/laravel/framework/src/Illuminate/Pipeline/Pipeline.php(183): Illuminate/Foundation/Http/Middleware/PreventRequestsDuringMaintenance->handle(Object(Illuminate/Http/Request), Object(Closure))
#40 C:/xampp8.1.17/htdocs/chatroom-app1/vendor/laravel/framework/src/Illuminate/Http/Middleware/HandleCors.php(62): Illuminate/Pipeline/Pipeline->Illuminate/Pipeline/{closure}(Object(Illuminate/Http/Request))
#41 C:/xampp8.1.17/htdocs/chatroom-app1/vendor/laravel/framework/src/Illuminate/Pipeline/Pipeline.php(183): Illuminate/Http/Middleware/HandleCors->handle(Object(Illuminate/Http/Request), Object(Closure))
#42 C:/xampp8.1.17/htdocs/chatroom-app1/vendor/laravel/framework/src/Illuminate/Http/Middleware/TrustProxies.php(39): Illuminate/Pipeline/Pipeline->Illuminate/Pipeline/{closure}(Object(Illuminate/Http/Request))
#43 C:/xampp8.1.17/htdocs/chatroom-app1/vendor/laravel/framework/src/Illuminate/Pipeline/Pipeline.php(183): Illuminate/Http/Middleware/TrustProxies->handle(Object(Illuminate/Http/Request), Object(Closure))
#44 C:/xampp8.1.17/htdocs/chatroom-app1/vendor/laravel/framework/src/Illuminate/Pipeline/Pipeline.php(119): Illuminate/Pipeline/Pipeline->Illuminate/Pipeline/{closure}(Object(Illuminate/Http/Request))
#45 C:/xampp8.1.17/htdocs/chatroom-app1/vendor/laravel/framework/src/Illuminate/Foundation/Http/Kernel.php(175): Illuminate/Pipeline/Pipeline->then(Object(Closure))
#46 C:/xampp8.1.17/htdocs/chatroom-app1/vendor/laravel/framework/src/Illuminate/Foundation/Http/Kernel.php(144): Illuminate/Foundation/Http/Kernel->sendRequestThroughRouter(Object(Illuminate/Http/Request))
#47 C:/xampp8.1.17/htdocs/chatroom-app1/public/index.php(52): Illuminate/Foundation/Http/Kernel->handle(Object(Illuminate/Http/Request))
#48 C:/xampp8.1.17/htdocs/chatroom-app1/vendor/laravel/framework/src/Illuminate/Foundation/resources/server.php(16): require_once('C://xampp8.1.17//...')
#49 {main}
"} 
[2026-09-04 07:42:07] local.ERROR: SQLSTATE[42S02]: Base table or view not found: 1146 Table 'laravel.chat_message' doesn't exist (Connection: mysql, SQL: select * from `chat_message` where `code` = ABC123) {"exception":"[object] (Illuminate\\Database\\QueryException(code: 42S02): SQLSTATE[42S02]: Base table or view not found: 1146 Table 'laravel.chat_message' doesn't exist (Connection: mysql, SQL: select * from `chat_message` where `code` = ABC123) at C:/xampp8.1.17/htdocs/chatroom-app1/vendor/laravel/framework/src/Illuminate/Database/Connection.php:829)
[stacktrace]
#0 C:/xampp8.1.17/htdocs/chatroom-app1/vendor/laravel/framework/src/Illuminate/Database/Connection.php(783): Illuminate/Database/Connection->runQueryCallback('select * from `...', Array, Object(Closure))
#1 C:/xampp8.1.17/htdocs/chatroom-app1/vendor/laravel/framework/src/Illuminate/Database/Connection.php(431): Illuminate/Database/Connection->run('select * from `...', Array, Object(Closure))
#2 C:/xampp8.1.17/htdocs/chatroom-app1/vendor/laravel/framework/src/Illuminate/Database/Query/Builder.php(2914): Illuminate/Database/Connection->select('select * from `...', Array, true)
#3 C:/xampp8.1.17/htdocs/chatroom-app1/vendor/laravel/framework/src/Illuminate/Database/Query/Builder.php(2902): Illuminate/Database/Query/Builder->runSelect()
#4 C:/xampp8.1.17/htdocs/chatroom-app1/vendor/laravel/framework/src/Illuminate/Database/Query/Builder.php(3456): Illuminate/Database/Query/Builder->Illuminate/Database/Query/{closure}()
#5 C:/xampp8.1.17/htdocs/chatroom-app1/vendor/laravel/framework/src/Illuminate/Database/Query/Builder.php(2903): Illuminate/Database/Query/Builder->onceWithColumns(Array, Object(Closure))
#6 C:/xampp8.1.17/htdocs/chatroom-app1/vendor/laravel/framework/src/Illuminate/Database/Eloquent/Builder.php(739): Illuminate/Database/Query/Builder->get(Array)
#7 C:/xampp8.1.17/htdocs/chatroom-app1/vendor/laravel/framework/src/Illuminate/Database/Eloquent/Builder.php(723): Illuminate/Database/Eloquent/Builder->getModels(Array)
#8 C:/xampp8.1.17/htdocs/chatroom-app1/app/Http/Controllers/ChatController.php(15): Illuminate/Database/Eloquent/Builder->get()
#9 C:/xampp8.1.17/htdocs/chatroom-app1/vendor/laravel/framework/src/Illuminate/Routing/Controller.php(54): App/Http/Controllers/ChatController->allChatMessages('ABC123')
#10 C:/xampp8.1.17/htdocs/chatroom-app1/vendor/laravel/framework/src/Illuminate/Routing/ControllerDispatcher.php(43): Illuminate/Routing/Controller->callAction('allChatMessages', Array)
#11 C:/xampp8.1.17/htdocs/chatroom-app1/vendor/laravel/framework/src/Illuminate/Routing/Route.php(260): Illuminate/Routing/ControllerDispatcher->dispatch(Object(Illuminate/Routing/Route), Object(App/Http/Controllers/ChatController), 'allChatMessages')
#12 C:/xampp8.1.17/htdocs/chatroom-app1/vendor/laravel/framework/src/Illuminate/Routing/Route.php(205): Illuminate/Routing/Route->runController()
#13 C:/xampp8.1.17/htdocs/chatroom-app1/vendor/laravel/framework/src/Illuminate/Routing/Router.php(806): Illuminate/Routing/Route->run()
#14 C:/xampp8.1.17/htdocs/chatroom-app1/vendor/laravel/framework/src/Illuminate/Pipeline/Pipeline.php(144): Illuminate/Routing/Router->Illuminate/Routing/{closure}(Object(Illuminate/Http/Request))
#15 C:/xampp8.1.17/htdocs/chatroom-app1/vendor/laravel/framework/src/Illuminate/Routing/Middleware/SubstituteBindings.php(50): Illuminate/Pipeline/Pipeline->Illuminate/Pipeline/{closure}(Object(Illuminate/Http/Request))
#16 C:/xampp8.1.17/htdocs/chatroom-app1/vendor/laravel/framework/src/Illuminate/Pipeline/Pipeline.php(183): Illuminate/Routing/Middleware/SubstituteBindings->handle(Object(Illuminate/Http/Request), Object(Closure))
#17 C:/xampp8.1.17/htdocs/chatroom-app1/vendor/laravel/framework/src/Illuminate/Routing/Middleware/ThrottleRequests.php(159): Illuminate/Pipeline/Pipeline->Illuminate/Pipeline/{closure}(Object(Illuminate/Http/Request))
#18 C:/xampp8.1.17/htdocs/chatroom-app1/vendor/laravel/framework/src/Illuminate/Routing/Middleware/ThrottleRequests.php(135): Illuminate/Routing/Middleware/ThrottleRequests->handleRequest(Object(Illuminate/Http/Request), Object(Closure), Array)
#19 C:/xampp8.1.17/htdocs/chatroom-app1/vendor/laravel/framework/src/Illuminate/Routing/Middleware/ThrottleRequests.php(87): Illuminate/Routing/Middleware/ThrottleRequests->handleRequestUsingNamedLimiter(Object(Illuminate/Http/Request), Object(Closure), 'api', Object(Closure))
#20 C:/xampp8.1.17/htdocs/chatroom-app1/vendor/laravel/framework/src/Illuminate/Pipeline/Pipeline.php(183): Illuminate/Routing/Middleware/ThrottleRequests->handle(Object(Illuminate/Http/Request), Object(Closure), 'api')
#21 C:/xampp8.1.17/htdocs/chatroom-app1/vendor/laravel/framework/src/Illuminate/Pipeline/Pipeline.php(119): Illuminate/Pipeline/Pipeline->Illuminate/Pipeline/{closure}(Object(Illuminate/Http/Request))
#22 C:/xampp8.1.17/htdocs/chatroom-app1/vendor/laravel/framework/src/Illuminate/Routing/Router.php(807): Illuminate/Pipeline/Pipeline->then(Object(Closure))
#23 C:/xampp8.1.17/htdocs/chatroom-app1/vendor/laravel/framework/src/Illuminate/Routing/Router.php(784): Illuminate/Routing/Router->runRouteWithinStack(Object(Illuminate/Routing/Route), Object(Illuminate/Http/Request))
#24 C:/xampp8.1.17/htdocs/chatroom-app1/vendor/laravel/framework/src/Illuminate/Routing/Router.php(748): Illuminate/Routing/Router->runRoute(Object(Illuminate/Http/Request), Object(Illuminate/Routing/Route))
#25 C:/xampp8.1.17/htdocs/chatroom-app1/vendor/laravel/framework/src/Illuminate/Routing/Router.php(737): Illuminate/Routing/Router->dispatchToRoute(Object(Illuminate/Http/Request))
#26 C:/xampp8.1.17/htdocs/chatroom-app1/vendor/laravel/framework/src/Illuminate/Foundation/Http/Kernel.php(200): Illuminate/Routing/Router->dispatch(Object(Illuminate/Http/Request))
#27 C:/xampp8.1.17/htdocs/chatroom-app1/vendor/laravel/framework/src/Illuminate/Pipeline/Pipeline.php(144): Illuminate/Foundation/Http/Kernel->Illuminate/Foundation/Http/{closure}(Object(Illuminate/Http/Request))
#28 C:/xampp8.1.17/htdocs/chatroom-app1/vendor/laravel/framework/src/Illuminate/Foundation/Http/Middleware/TransformsRequest.php(21): Illuminate/Pipeline/Pipeline->Illuminate/Pipeline/{closure}(Object(Illuminate/Http/Request))
#29 C:/xampp8.1.17/htdocs/chatroom-app1/vendor/laravel/framework/src/Illuminate/Foundation/Http/Middleware/ConvertEmptyStringsToNull.php(31): Illuminate/Foundation/Http/Middleware/TransformsRequest->handle(Object(Illuminate/Http/Request), Object(Closure))
#30 C:/xampp8.1.17/htdocs/chatroom-app1/vendor/laravel/framework/src/Illuminate/Pipeline/Pipeline.php(183): Illuminate/Foundation/Http/Middleware/ConvertEmptyStringsToNull->handle(Object(Illuminate/Http/Request), Object(Closure))
#31 C:/xampp8.1.17/htdocs/chatroom-app1/vendor/laravel/framework/src/Illuminate/Foundation/Http/Middleware/TransformsRequest.php(21): Illuminate/Pipeline/Pipeline->Illuminate/Pipeline/{closure}(Object(Illuminate/Http/Request))
#32 C:/xampp8.1.17/htdocs/chatroom-app1/vendor/laravel/framework/src/Illuminate/Foundation/Http/Middleware/TrimStrings.php(40): Illuminate/Foundation/Http/Middleware/TransformsRequest->handle(Object(Illuminate/Http/Request), Object(Closure))
#33 C:/xampp8.1.17/htdocs/chatroom-app1/vendor/laravel/framework/src/Illuminate/Pipeline/Pipeline.php(183): Illuminate/Foundation/Http/Middleware/TrimStrings->handle(Object(Illuminate/Http/Request), Object(Closure))
#34 C:/xampp8.1.17/htdocs/chatroom-app1/vendor/laravel/framework/src/Illuminate/Foundation/Http/Middleware/ValidatePostSize.php(27): Illuminate/Pipeline/Pipeline->Illuminate/Pipeline/{closure}(Object(Illuminate/Http/Request))
#35 C:/xampp8.1.17/htdocs/chatroom-app1/vendor/laravel/framework/src/Illuminate/Pipeline/Pipeline.php(183): Illuminate/Foundation/Http/Middleware/ValidatePostSize->handle(Object(Illuminate/Http/Request), Object(Closure))
#36 C:/xampp8.1.17/htdocs/chatroom-app1/vendor/laravel/framework/src/Illuminate/Foundation/Http/Middleware/PreventRequestsDuringMaintenance.php(99): Illuminate/Pipeline/Pipeline->Illuminate/Pipeline/{closure}(Object(Illuminate/Http/Request))
#37 C:/xampp8.1.17/htdocs/chatroom-app1/vendor/laravel/framework/src/Illuminate/Pipeline/Pipeline.php(183): Illuminate/Foundation/Http/Middleware/PreventRequestsDuringMaintenance->handle(Object(Illuminate/Http/Request), Object(Closure))
#38 C:/xampp8.1.17/htdocs/chatroom-app1/vendor/laravel/framework/src/Illuminate/Http/Middleware/HandleCors.php(62): Illuminate/Pipeline/Pipeline->Illuminate/Pipeline/{closure}(Object(Illuminate/Http/Request))
#39 C:/xampp8.1.17/htdocs/chatroom-app1/vendor/laravel/framework/src/Illuminate/Pipeline/Pipeline.php(183): Illuminate/Http/Middleware/HandleCors->handle(Object(Illuminate/Http/Request), Object(Closure))
#40 C:/xampp8.1.17/htdocs/chatroom-app1/vendor/laravel/framework/src/Illuminate/Http/Middleware/TrustProxies.php(39): Illuminate/Pipeline/Pipeline->Illuminate/Pipeline/{closure}(Object(Illuminate/Http/Request))
#41 C:/xampp8.1.17/htdocs/chatroom-app1/vendor/laravel/framework/src/Illuminate/Pipeline/Pipeline.php(183): Illuminate/Http/Middleware/TrustProxies->handle(Object(Illuminate/Http/Request), Object(Closure))
#42 C:/xampp8.1.17/htdocs/chatroom-app1/vendor/laravel/framework/src/Illuminate/Pipeline/Pipeline.php(119): Illuminate/Pipeline/Pipeline->Illuminate/Pipeline/{closure}(Object(Illuminate/Http/Request))
#43 C:/xampp8.1.17/htdocs/chatroom-app1/vendor/laravel/framework/src/Illuminate/Foundation/Http/Kernel.php(175): Illuminate/Pipeline/Pipeline->then(Object(Closure))
#44 C:/xampp8.1.17/htdocs/chatroom-app1/vendor/laravel/framework/src/Illuminate/Foundation/Http/Kernel.php(144): Illuminate/Foundation/Http/Kernel->sendRequestThroughRouter(Object(Illuminate/Http/Request))
#45 C:/xampp8.1.17/htdocs/chatroom-app1/public/index.php(52): Illuminate/Foundation/Http/Kernel->handle(Object(Illuminate/Http/Request))
#46 C:/xampp8.1.17/htdocs/chatroom-app1/vendor/laravel/framework/src/Illuminate/Foundation/resources/server.php(16): require_once('C://xampp8.1.17//...')
#47 {main}

[previous exception] [object] (PDOException(code: 42S02): SQLSTATE[42S02]: Base table or view not found: 1146 Table 'laravel.chat_message' doesn't exist at C:/xampp8.1.17/htdocs/chatroom-app1/vendor/laravel/framework/src/Illuminate/Database/Connection.php:423)
[stacktrace]
#0 C:/xampp8.1.17/htdocs/chatroom-app1/vendor/laravel/framework/src/Illuminate/Database/Connection.php(423): PDO->prepare('select * from `...')
#1 C:/xampp8.1.17/htdocs/chatroom-app1/vendor/laravel/framework/src/Illuminate/Database/Connection.php(816): Illuminate/Database/Connection->Illuminate/Database/{closure}('select * from `...', Array)
#2 C:/xampp8.1.17/htdocs/chatroom-app1/vendor/laravel/framework/src/Illuminate/Database/Connection.php(783): Illuminate/Database/Connection->runQueryCallback('select * from `...', Array, Object(Closure))
#3 C:/xampp8.1.17/htdocs/chatroom-app1/vendor/laravel/framework/src/Illuminate/Database/Connection.php(431): Illuminate/Database/Connection->run('select * from `...', Array, Object(Closure))
#4 C:/xampp8.1.17/htdocs/chatroom-app1/vendor/laravel/framework/src/Illuminate/Database/Query/Builder.php(2914): Illuminate/Database/Connection->select('select * from `...', Array, true)
#5 C:/xampp8.1.17/htdocs/chatroom-app1/vendor/laravel/framework/src/Illuminate/Database/Query/Builder.php(2902): Illuminate/Database/Query/Builder->runSelect()
#6 C:/xampp8.1.17/htdocs/chatroom-app1/vendor/laravel/framework/src/Illuminate/Database/Query/Builder.php(3456): Illuminate/Database/Query/Builder->Illuminate/Database/Query/{closure}()
#7 C:/xampp8.1.17/htdocs/chatroom-app1/vendor/laravel/framework/src/Illuminate/Database/Query/Builder.php(2903): Illuminate/Database/Query/Builder->onceWithColumns(Array, Object(Closure))
#8 C:/xampp8.1.17/htdocs/chatroom-app1/vendor/laravel/framework/src/Illuminate/Database/Eloquent/Builder.php(739): Illuminate/Database/Query/Builder->get(Array)
#9 C:/xampp8.1.17/htdocs/chatroom-app1/vendor/laravel/framework/src/Illuminate/Database/Eloquent/Builder.php(723): Illuminate/Database/Eloquent/Builder->getModels(Array)
#10 C:/xampp8.1.17/htdocs/chatroom-app1/app/Http/Controllers/ChatController.php(15): Illuminate/Database/Eloquent/Builder->get()
#11 C:/xampp8.1.17/htdocs/chatroom-app1/vendor/laravel/framework/src/Illuminate/Routing/Controller.php(54): App/Http/Controllers/ChatController->allChatMessages('ABC123')
#12 C:/xampp8.1.17/htdocs/chatroom-app1/vendor/laravel/framework/src/Illuminate/Routing/ControllerDispatcher.php(43): Illuminate/Routing/Controller->callAction('allChatMessages', Array)
#13 C:/xampp8.1.17/htdocs/chatroom-app1/vendor/laravel/framework/src/Illuminate/Routing/Route.php(260): Illuminate/Routing/ControllerDispatcher->dispatch(Object(Illuminate/Routing/Route), Object(App/Http/Controllers/ChatController), 'allChatMessages')
#14 C:/xampp8.1.17/htdocs/chatroom-app1/vendor/laravel/framework/src/Illuminate/Routing/Route.php(205): Illuminate/Routing/Route->runController()
#15 C:/xampp8.1.17/htdocs/chatroom-app1/vendor/laravel/framework/src/Illuminate/Routing/Router.php(806): Illuminate/Routing/Route->run()
#16 C:/xampp8.1.17/htdocs/chatroom-app1/vendor/laravel/framework/src/Illuminate/Pipeline/Pipeline.php(144): Illuminate/Routing/Router->Illuminate/Routing/{closure}(Object(Illuminate/Http/Request))
#17 C:/xampp8.1.17/htdocs/chatroom-app1/vendor/laravel/framework/src/Illuminate/Routing/Middleware/SubstituteBindings.php(50): Illuminate/Pipeline/Pipeline->Illuminate/Pipeline/{closure}(Object(Illuminate/Http/Request))
#18 C:/xampp8.1.17/htdocs/chatroom-app1/vendor/laravel/framework/src/Illuminate/Pipeline/Pipeline.php(183): Illuminate/Routing/Middleware/SubstituteBindings->handle(Object(Illuminate/Http/Request), Object(Closure))
#19 C:/xampp8.1.17/htdocs/chatroom-app1/vendor/laravel/framework/src/Illuminate/Routing/Middleware/ThrottleRequests.php(159): Illuminate/Pipeline/Pipeline->Illuminate/Pipeline/{closure}(Object(Illuminate/Http/Request))
#20 C:/xampp8.1.17/htdocs/chatroom-app1/vendor/laravel/framework/src/Illuminate/Routing/Middleware/ThrottleRequests.php(135): Illuminate/Routing/Middleware/ThrottleRequests->handleRequest(Object(Illuminate/Http/Request), Object(Closure), Array)
#21 C:/xampp8.1.17/htdocs/chatroom-app1/vendor/laravel/framework/src/Illuminate/Routing/Middleware/ThrottleRequests.php(87): Illuminate/Routing/Middleware/ThrottleRequests->handleRequestUsingNamedLimiter(Object(Illuminate/Http/Request), Object(Closure), 'api', Object(Closure))
#22 C:/xampp8.1.17/htdocs/chatroom-app1/vendor/laravel/framework/src/Illuminate/Pipeline/Pipeline.php(183): Illuminate/Routing/Middleware/ThrottleRequests->handle(Object(Illuminate/Http/Request), Object(Closure), 'api')
#23 C:/xampp8.1.17/htdocs/chatroom-app1/vendor/laravel/framework/src/Illuminate/Pipeline/Pipeline.php(119): Illuminate/Pipeline/Pipeline->Illuminate/Pipeline/{closure}(Object(Illuminate/Http/Request))
#24 C:/xampp8.1.17/htdocs/chatroom-app1/vendor/laravel/framework/src/Illuminate/Routing/Router.php(807): Illuminate/Pipeline/Pipeline->then(Object(Closure))
#25 C:/xampp8.1.17/htdocs/chatroom-app1/vendor/laravel/framework/src/Illuminate/Routing/Router.php(784): Illuminate/Routing/Router->runRouteWithinStack(Object(Illuminate/Routing/Route), Object(Illuminate/Http/Request))
#26 C:/xampp8.1.17/htdocs/chatroom-app1/vendor/laravel/framework/src/Illuminate/Routing/Router.php(748): Illuminate/Routing/Router->runRoute(Object(Illuminate/Http/Request), Object(Illuminate/Routing/Route))
#27 C:/xampp8.1.17/htdocs/chatroom-app1/vendor/laravel/framework/src/Illuminate/Routing/Router.php(737): Illuminate/Routing/Router->dispatchToRoute(Object(Illuminate/Http/Request))
#28 C:/xampp8.1.17/htdocs/chatroom-app1/vendor/laravel/framework/src/Illuminate/Foundation/Http/Kernel.php(200): Illuminate/Routing/Router->dispatch(Object(Illuminate/Http/Request))
#29 C:/xampp8.1.17/htdocs/chatroom-app1/vendor/laravel/framework/src/Illuminate/Pipeline/Pipeline.php(144): Illuminate/Foundation/Http/Kernel->Illuminate/Foundation/Http/{closure}(Object(Illuminate/Http/Request))
#30 C:/xampp8.1.17/htdocs/chatroom-app1/vendor/laravel/framework/src/Illuminate/Foundation/Http/Middleware/TransformsRequest.php(21): Illuminate/Pipeline/Pipeline->Illuminate/Pipeline/{closure}(Object(Illuminate/Http/Request))
#31 C:/xampp8.1.17/htdocs/chatroom-app1/vendor/laravel/framework/src/Illuminate/Foundation/Http/Middleware/ConvertEmptyStringsToNull.php(31): Illuminate/Foundation/Http/Middleware/TransformsRequest->handle(Object(Illuminate/Http/Request), Object(Closure))
#32 C:/xampp8.1.17/htdocs/chatroom-app1/vendor/laravel/framework/src/Illuminate/Pipeline/Pipeline.php(183): Illuminate/Foundation/Http/Middleware/ConvertEmptyStringsToNull->handle(Object(Illuminate/Http/Request), Object(Closure))
#33 C:/xampp8.1.17/htdocs/chatroom-app1/vendor/laravel/framework/src/Illuminate/Foundation/Http/Middleware/TransformsRequest.php(21): Illuminate/Pipeline/Pipeline->Illuminate/Pipeline/{closure}(Object(Illuminate/Http/Request))
#34 C:/xampp8.1.17/htdocs/chatroom-app1/vendor/laravel/framework/src/Illuminate/Foundation/Http/Middleware/TrimStrings.php(40): Illuminate/Foundation/Http/Middleware/TransformsRequest->handle(Object(Illuminate/Http/Request), Object(Closure))
#35 C:/xampp8.1.17/htdocs/chatroom-app1/vendor/laravel/framework/src/Illuminate/Pipeline/Pipeline.php(183): Illuminate/Foundation/Http/Middleware/TrimStrings->handle(Object(Illuminate/Http/Request), Object(Closure))
#36 C:/xampp8.1.17/htdocs/chatroom-app1/vendor/laravel/framework/src/Illuminate/Foundation/Http/Middleware/ValidatePostSize.php(27): Illuminate/Pipeline/Pipeline->Illuminate/Pipeline/{closure}(Object(Illuminate/Http/Request))
#37 C:/xampp8.1.17/htdocs/chatroom-app1/vendor/laravel/framework/src/Illuminate/Pipeline/Pipeline.php(183): Illuminate/Foundation/Http/Middleware/ValidatePostSize->handle(Object(Illuminate/Http/Request), Object(Closure))
#38 C:/xampp8.1.17/htdocs/chatroom-app1/vendor/laravel/framework/src/Illuminate/Foundation/Http/Middleware/PreventRequestsDuringMaintenance.php(99): Illuminate/Pipeline/Pipeline->Illuminate/Pipeline/{closure}(Object(Illuminate/Http/Request))
#39 C:/xampp8.1.17/htdocs/chatroom-app1/vendor/laravel/framework/src/Illuminate/Pipeline/Pipeline.php(183): Illuminate/Foundation/Http/Middleware/PreventRequestsDuringMaintenance->handle(Object(Illuminate/Http/Request), Object(Closure))
#40 C:/xampp8.1.17/htdocs/chatroom-app1/vendor/laravel/framework/src/Illuminate/Http/Middleware/HandleCors.php(62): Illuminate/Pipeline/Pipeline->Illuminate/Pipeline/{closure}(Object(Illuminate/Http/Request))
#41 C:/xampp8.1.17/htdocs/chatroom-app1/vendor/laravel/framework/src/Illuminate/Pipeline/Pipeline.php(183): Illuminate/Http/Middleware/HandleCors->handle(Object(Illuminate/Http/Request), Object(Closure))
#42 C:/xampp8.1.17/htdocs/chatroom-app1/vendor/laravel/framework/src/Illuminate/Http/Middleware/TrustProxies.php(39): Illuminate/Pipeline/Pipeline->Illuminate/Pipeline/{closure}(Object(Illuminate/Http/Request))
#43 C:/xampp8.1.17/htdocs/chatroom-app1/vendor/laravel/framework/src/Illuminate/Pipeline/Pipeline.php(183): Illuminate/Http/Middleware/TrustProxies->handle(Object(Illuminate/Http/Request), Object(Closure))
#44 C:/xampp8.1.17/htdocs/chatroom-app1/vendor/laravel/framework/src/Illuminate/Pipeline/Pipeline.php(119): Illuminate/Pipeline/Pipeline->Illuminate/Pipeline/{closure}(Object(Illuminate/Http/Request))
#45 C:/xampp8.1.17/htdocs/chatroom-app1/vendor/laravel/framework/src/Illuminate/Foundation/Http/Kernel.php(175): Illuminate/Pipeline/Pipeline->then(Object(Closure))
#46 C:/xampp8.1.17/htdocs/chatroom-app1/vendor/laravel/framework/src/Illuminate/Foundation/Http/Kernel.php(144): Illuminate/Foundation/Http/Kernel->sendRequestThroughRouter(Object(Illuminate/Http/Request))
#47 C:/xampp8.1.17/htdocs/chatroom-app1/public/index.php(52): Illuminate/Foundation/Http/Kernel->handle(Object(Illuminate/Http/Request))
#48 C:/xampp8.1.17/htdocs/chatroom-app1/vendor/laravel/framework/src/Illuminate/Foundation/resources/server.php(16): require_once('C://xampp8.1.17//...')
#49 {main}
"} 
[2026-09-07 00:44:55] local.ERROR: There are no commands defined in the "install" namespace. {"exception":"[object] (Symfony\\Component\\Console\\Exception\\NamespaceNotFoundException(code: 0): There are no commands defined in the \"install\" namespace. at C:/xampp8.1.17/htdocs/chatroom-app1/vendor/symfony/console/Application.php:678)
[stacktrace]
#0 C:/xampp8.1.17/htdocs/chatroom-app1/vendor/symfony/console/Application.php(729): Symfony/Component/Console/Application->findNamespace('install')
#1 C:/xampp8.1.17/htdocs/chatroom-app1/vendor/symfony/console/Application.php(266): Symfony/Component/Console/Application->find('install:broadca...')
#2 C:/xampp8.1.17/htdocs/chatroom-app1/vendor/symfony/console/Application.php(175): Symfony/Component/Console/Application->doRun(Object(Symfony/Component/Console/Input/ArgvInput), Object(Symfony/Component/Console/Output/ConsoleOutput))
#3 C:/xampp8.1.17/htdocs/chatroom-app1/vendor/laravel/framework/src/Illuminate/Foundation/Console/Kernel.php(201): Symfony/Component/Console/Application->run(Object(Symfony/Component/Console/Input/ArgvInput), Object(Symfony/Component/Console/Output/ConsoleOutput))
#4 C:/xampp8.1.17/htdocs/chatroom-app1/artisan(37): Illuminate/Foundation/Console/Kernel->handle(Object(Symfony/Component/Console/Input/ArgvInput), Object(Symfony/Component/Console/Output/ConsoleOutput))
#5 {main}
"} 
[2026-09-07 01:41:52] local.ERROR: syntax error, unexpected identifier "Route" {"exception":"[object] (ParseError(code: 0): syntax error, unexpected identifier \"Route\" at C:/xampp8.1.17/htdocs/chatroom-app1/routes/api.php:26)
[stacktrace]
#0 C:/xampp8.1.17/htdocs/chatroom-app1/vendor/laravel/framework/src/Illuminate/Routing/Router.php(511): Illuminate/Routing/RouteFileRegistrar->register('C://xampp8.1.17//...')
#1 C:/xampp8.1.17/htdocs/chatroom-app1/vendor/laravel/framework/src/Illuminate/Routing/Router.php(465): Illuminate/Routing/Router->loadRoutes('C://xampp8.1.17//...')
#2 C:/xampp8.1.17/htdocs/chatroom-app1/vendor/laravel/framework/src/Illuminate/Routing/RouteRegistrar.php(194): Illuminate/Routing/Router->group(Array, 'C://xampp8.1.17//...')
#3 C:/xampp8.1.17/htdocs/chatroom-app1/app/Providers/RouteServiceProvider.php(34): Illuminate/Routing/RouteRegistrar->group('C://xampp8.1.17//...')
#4 C:/xampp8.1.17/htdocs/chatroom-app1/vendor/laravel/framework/src/Illuminate/Container/BoundMethod.php(36): App/Providers/RouteServiceProvider->App/Providers/{closure}()
#5 C:/xampp8.1.17/htdocs/chatroom-app1/vendor/laravel/framework/src/Illuminate/Container/Util.php(41): Illuminate/Container/BoundMethod::Illuminate/Container/{closure}()
#6 C:/xampp8.1.17/htdocs/chatroom-app1/vendor/laravel/framework/src/Illuminate/Container/BoundMethod.php(81): Illuminate/Container/Util::unwrapIfClosure(Object(Closure))
#7 C:/xampp8.1.17/htdocs/chatroom-app1/vendor/laravel/framework/src/Illuminate/Container/BoundMethod.php(37): Illuminate/Container/BoundMethod::callBoundMethod(Object(Illuminate/Foundation/Application), Object(Closure), Object(Closure))
#8 C:/xampp8.1.17/htdocs/chatroom-app1/vendor/laravel/framework/src/Illuminate/Container/Container.php(662): Illuminate/Container/BoundMethod::call(Object(Illuminate/Foundation/Application), Object(Closure), Array, NULL)
#9 C:/xampp8.1.17/htdocs/chatroom-app1/vendor/laravel/framework/src/Illuminate/Foundation/Support/Providers/RouteServiceProvider.php(120): Illuminate/Container/Container->call(Object(Closure))
#10 C:/xampp8.1.17/htdocs/chatroom-app1/vendor/laravel/framework/src/Illuminate/Foundation/Support/Providers/RouteServiceProvider.php(45): Illuminate/Foundation/Support/Providers/RouteServiceProvider->loadRoutes()
#11 C:/xampp8.1.17/htdocs/chatroom-app1/vendor/laravel/framework/src/Illuminate/Container/BoundMethod.php(36): Illuminate/Foundation/Support/Providers/RouteServiceProvider->Illuminate/Foundation/Support/Providers/{closure}()
#12 C:/xampp8.1.17/htdocs/chatroom-app1/vendor/laravel/framework/src/Illuminate/Container/Util.php(41): Illuminate/Container/BoundMethod::Illuminate/Container/{closure}()
#13 C:/xampp8.1.17/htdocs/chatroom-app1/vendor/laravel/framework/src/Illuminate/Container/BoundMethod.php(81): Illuminate/Container/Util::unwrapIfClosure(Object(Closure))
#14 C:/xampp8.1.17/htdocs/chatroom-app1/vendor/laravel/framework/src/Illuminate/Container/BoundMethod.php(37): Illuminate/Container/BoundMethod::callBoundMethod(Object(Illuminate/Foundation/Application), Object(Closure), Object(Closure))
#15 C:/xampp8.1.17/htdocs/chatroom-app1/vendor/laravel/framework/src/Illuminate/Container/Container.php(662): Illuminate/Container/BoundMethod::call(Object(Illuminate/Foundation/Application), Object(Closure), Array, NULL)
#16 C:/xampp8.1.17/htdocs/chatroom-app1/vendor/laravel/framework/src/Illuminate/Support/ServiceProvider.php(119): Illuminate/Container/Container->call(Object(Closure))
#17 C:/xampp8.1.17/htdocs/chatroom-app1/vendor/laravel/framework/src/Illuminate/Foundation/Application.php(1062): Illuminate/Support/ServiceProvider->callBootedCallbacks()
#18 C:/xampp8.1.17/htdocs/chatroom-app1/vendor/laravel/framework/src/Illuminate/Foundation/Application.php(1040): Illuminate/Foundation/Application->bootProvider(Object(App/Providers/RouteServiceProvider))
#19 [internal function]: Illuminate/Foundation/Application->Illuminate/Foundation/{closure}(Object(App/Providers/RouteServiceProvider), 25)
#20 C:/xampp8.1.17/htdocs/chatroom-app1/vendor/laravel/framework/src/Illuminate/Foundation/Application.php(1041): array_walk(Array, Object(Closure))
#21 C:/xampp8.1.17/htdocs/chatroom-app1/vendor/laravel/framework/src/Illuminate/Foundation/Bootstrap/BootProviders.php(17): Illuminate/Foundation/Application->boot()
#22 C:/xampp8.1.17/htdocs/chatroom-app1/vendor/laravel/framework/src/Illuminate/Foundation/Application.php(286): Illuminate/Foundation/Bootstrap/BootProviders->bootstrap(Object(Illuminate/Foundation/Application))
#23 C:/xampp8.1.17/htdocs/chatroom-app1/vendor/laravel/framework/src/Illuminate/Foundation/Console/Kernel.php(447): Illuminate/Foundation/Application->bootstrapWith(Array)
#24 C:/xampp8.1.17/htdocs/chatroom-app1/vendor/laravel/framework/src/Illuminate/Foundation/Console/Kernel.php(199): Illuminate/Foundation/Console/Kernel->bootstrap()
#25 Command line code(1): Illuminate/Foundation/Console/Kernel->handle(Object(Symfony/Component/Console/Input/ArgvInput), Object(Symfony/Component/Console/Output/ConsoleOutput))
#26 {main}
"} 
[2026-09-07 01:41:55] local.ERROR: syntax error, unexpected identifier "Route" {"exception":"[object] (ParseError(code: 0): syntax error, unexpected identifier \"Route\" at C:/xampp8.1.17/htdocs/chatroom-app1/routes/api.php:26)
[stacktrace]
#0 C:/xampp8.1.17/htdocs/chatroom-app1/vendor/laravel/framework/src/Illuminate/Routing/Router.php(511): Illuminate/Routing/RouteFileRegistrar->register('C://xampp8.1.17//...')
#1 C:/xampp8.1.17/htdocs/chatroom-app1/vendor/laravel/framework/src/Illuminate/Routing/Router.php(465): Illuminate/Routing/Router->loadRoutes('C://xampp8.1.17//...')
#2 C:/xampp8.1.17/htdocs/chatroom-app1/vendor/laravel/framework/src/Illuminate/Routing/RouteRegistrar.php(194): Illuminate/Routing/Router->group(Array, 'C://xampp8.1.17//...')
#3 C:/xampp8.1.17/htdocs/chatroom-app1/app/Providers/RouteServiceProvider.php(34): Illuminate/Routing/RouteRegistrar->group('C://xampp8.1.17//...')
#4 C:/xampp8.1.17/htdocs/chatroom-app1/vendor/laravel/framework/src/Illuminate/Container/BoundMethod.php(36): App/Providers/RouteServiceProvider->App/Providers/{closure}()
#5 C:/xampp8.1.17/htdocs/chatroom-app1/vendor/laravel/framework/src/Illuminate/Container/Util.php(41): Illuminate/Container/BoundMethod::Illuminate/Container/{closure}()
#6 C:/xampp8.1.17/htdocs/chatroom-app1/vendor/laravel/framework/src/Illuminate/Container/BoundMethod.php(81): Illuminate/Container/Util::unwrapIfClosure(Object(Closure))
#7 C:/xampp8.1.17/htdocs/chatroom-app1/vendor/laravel/framework/src/Illuminate/Container/BoundMethod.php(37): Illuminate/Container/BoundMethod::callBoundMethod(Object(Illuminate/Foundation/Application), Object(Closure), Object(Closure))
#8 C:/xampp8.1.17/htdocs/chatroom-app1/vendor/laravel/framework/src/Illuminate/Container/Container.php(662): Illuminate/Container/BoundMethod::call(Object(Illuminate/Foundation/Application), Object(Closure), Array, NULL)
#9 C:/xampp8.1.17/htdocs/chatroom-app1/vendor/laravel/framework/src/Illuminate/Foundation/Support/Providers/RouteServiceProvider.php(120): Illuminate/Container/Container->call(Object(Closure))
#10 C:/xampp8.1.17/htdocs/chatroom-app1/vendor/laravel/framework/src/Illuminate/Foundation/Support/Providers/RouteServiceProvider.php(45): Illuminate/Foundation/Support/Providers/RouteServiceProvider->loadRoutes()
#11 C:/xampp8.1.17/htdocs/chatroom-app1/vendor/laravel/framework/src/Illuminate/Container/BoundMethod.php(36): Illuminate/Foundation/Support/Providers/RouteServiceProvider->Illuminate/Foundation/Support/Providers/{closure}()
#12 C:/xampp8.1.17/htdocs/chatroom-app1/vendor/laravel/framework/src/Illuminate/Container/Util.php(41): Illuminate/Container/BoundMethod::Illuminate/Container/{closure}()
#13 C:/xampp8.1.17/htdocs/chatroom-app1/vendor/laravel/framework/src/Illuminate/Container/BoundMethod.php(81): Illuminate/Container/Util::unwrapIfClosure(Object(Closure))
#14 C:/xampp8.1.17/htdocs/chatroom-app1/vendor/laravel/framework/src/Illuminate/Container/BoundMethod.php(37): Illuminate/Container/BoundMethod::callBoundMethod(Object(Illuminate/Foundation/Application), Object(Closure), Object(Closure))
#15 C:/xampp8.1.17/htdocs/chatroom-app1/vendor/laravel/framework/src/Illuminate/Container/Container.php(662): Illuminate/Container/BoundMethod::call(Object(Illuminate/Foundation/Application), Object(Closure), Array, NULL)
#16 C:/xampp8.1.17/htdocs/chatroom-app1/vendor/laravel/framework/src/Illuminate/Support/ServiceProvider.php(119): Illuminate/Container/Container->call(Object(Closure))
#17 C:/xampp8.1.17/htdocs/chatroom-app1/vendor/laravel/framework/src/Illuminate/Foundation/Application.php(1062): Illuminate/Support/ServiceProvider->callBootedCallbacks()
#18 C:/xampp8.1.17/htdocs/chatroom-app1/vendor/laravel/framework/src/Illuminate/Foundation/Application.php(1040): Illuminate/Foundation/Application->bootProvider(Object(App/Providers/RouteServiceProvider))
#19 [internal function]: Illuminate/Foundation/Application->Illuminate/Foundation/{closure}(Object(App/Providers/RouteServiceProvider), 25)
#20 C:/xampp8.1.17/htdocs/chatroom-app1/vendor/laravel/framework/src/Illuminate/Foundation/Application.php(1041): array_walk(Array, Object(Closure))
#21 C:/xampp8.1.17/htdocs/chatroom-app1/vendor/laravel/framework/src/Illuminate/Foundation/Bootstrap/BootProviders.php(17): Illuminate/Foundation/Application->boot()
#22 C:/xampp8.1.17/htdocs/chatroom-app1/vendor/laravel/framework/src/Illuminate/Foundation/Application.php(286): Illuminate/Foundation/Bootstrap/BootProviders->bootstrap(Object(Illuminate/Foundation/Application))
#23 C:/xampp8.1.17/htdocs/chatroom-app1/vendor/laravel/framework/src/Illuminate/Foundation/Console/Kernel.php(447): Illuminate/Foundation/Application->bootstrapWith(Array)
#24 C:/xampp8.1.17/htdocs/chatroom-app1/vendor/laravel/framework/src/Illuminate/Foundation/Console/Kernel.php(199): Illuminate/Foundation/Console/Kernel->bootstrap()
#25 Command line code(1): Illuminate/Foundation/Console/Kernel->handle(Object(Symfony/Component/Console/Input/ArgvInput), Object(Symfony/Component/Console/Output/ConsoleOutput))
#26 {main}
"} 
[2026-09-07 01:41:55] local.ERROR: syntax error, unexpected identifier "Route" {"exception":"[object] (ParseError(code: 0): syntax error, unexpected identifier \"Route\" at C:/xampp8.1.17/htdocs/chatroom-app1/routes/api.php:26)
[stacktrace]
#0 C:/xampp8.1.17/htdocs/chatroom-app1/vendor/laravel/framework/src/Illuminate/Routing/Router.php(511): Illuminate/Routing/RouteFileRegistrar->register('C://xampp8.1.17//...')
#1 C:/xampp8.1.17/htdocs/chatroom-app1/vendor/laravel/framework/src/Illuminate/Routing/Router.php(465): Illuminate/Routing/Router->loadRoutes('C://xampp8.1.17//...')
#2 C:/xampp8.1.17/htdocs/chatroom-app1/vendor/laravel/framework/src/Illuminate/Routing/RouteRegistrar.php(194): Illuminate/Routing/Router->group(Array, 'C://xampp8.1.17//...')
#3 C:/xampp8.1.17/htdocs/chatroom-app1/app/Providers/RouteServiceProvider.php(34): Illuminate/Routing/RouteRegistrar->group('C://xampp8.1.17//...')
#4 C:/xampp8.1.17/htdocs/chatroom-app1/vendor/laravel/framework/src/Illuminate/Container/BoundMethod.php(36): App/Providers/RouteServiceProvider->App/Providers/{closure}()
#5 C:/xampp8.1.17/htdocs/chatroom-app1/vendor/laravel/framework/src/Illuminate/Container/Util.php(41): Illuminate/Container/BoundMethod::Illuminate/Container/{closure}()
#6 C:/xampp8.1.17/htdocs/chatroom-app1/vendor/laravel/framework/src/Illuminate/Container/BoundMethod.php(81): Illuminate/Container/Util::unwrapIfClosure(Object(Closure))
#7 C:/xampp8.1.17/htdocs/chatroom-app1/vendor/laravel/framework/src/Illuminate/Container/BoundMethod.php(37): Illuminate/Container/BoundMethod::callBoundMethod(Object(Illuminate/Foundation/Application), Object(Closure), Object(Closure))
#8 C:/xampp8.1.17/htdocs/chatroom-app1/vendor/laravel/framework/src/Illuminate/Container/Container.php(662): Illuminate/Container/BoundMethod::call(Object(Illuminate/Foundation/Application), Object(Closure), Array, NULL)
#9 C:/xampp8.1.17/htdocs/chatroom-app1/vendor/laravel/framework/src/Illuminate/Foundation/Support/Providers/RouteServiceProvider.php(120): Illuminate/Container/Container->call(Object(Closure))
#10 C:/xampp8.1.17/htdocs/chatroom-app1/vendor/laravel/framework/src/Illuminate/Foundation/Support/Providers/RouteServiceProvider.php(45): Illuminate/Foundation/Support/Providers/RouteServiceProvider->loadRoutes()
#11 C:/xampp8.1.17/htdocs/chatroom-app1/vendor/laravel/framework/src/Illuminate/Container/BoundMethod.php(36): Illuminate/Foundation/Support/Providers/RouteServiceProvider->Illuminate/Foundation/Support/Providers/{closure}()
#12 C:/xampp8.1.17/htdocs/chatroom-app1/vendor/laravel/framework/src/Illuminate/Container/Util.php(41): Illuminate/Container/BoundMethod::Illuminate/Container/{closure}()
#13 C:/xampp8.1.17/htdocs/chatroom-app1/vendor/laravel/framework/src/Illuminate/Container/BoundMethod.php(81): Illuminate/Container/Util::unwrapIfClosure(Object(Closure))
#14 C:/xampp8.1.17/htdocs/chatroom-app1/vendor/laravel/framework/src/Illuminate/Container/BoundMethod.php(37): Illuminate/Container/BoundMethod::callBoundMethod(Object(Illuminate/Foundation/Application), Object(Closure), Object(Closure))
#15 C:/xampp8.1.17/htdocs/chatroom-app1/vendor/laravel/framework/src/Illuminate/Container/Container.php(662): Illuminate/Container/BoundMethod::call(Object(Illuminate/Foundation/Application), Object(Closure), Array, NULL)
#16 C:/xampp8.1.17/htdocs/chatroom-app1/vendor/laravel/framework/src/Illuminate/Support/ServiceProvider.php(119): Illuminate/Container/Container->call(Object(Closure))
#17 C:/xampp8.1.17/htdocs/chatroom-app1/vendor/laravel/framework/src/Illuminate/Foundation/Application.php(1062): Illuminate/Support/ServiceProvider->callBootedCallbacks()
#18 C:/xampp8.1.17/htdocs/chatroom-app1/vendor/laravel/framework/src/Illuminate/Foundation/Application.php(1040): Illuminate/Foundation/Application->bootProvider(Object(App/Providers/RouteServiceProvider))
#19 [internal function]: Illuminate/Foundation/Application->Illuminate/Foundation/{closure}(Object(App/Providers/RouteServiceProvider), 25)
#20 C:/xampp8.1.17/htdocs/chatroom-app1/vendor/laravel/framework/src/Illuminate/Foundation/Application.php(1041): array_walk(Array, Object(Closure))
#21 C:/xampp8.1.17/htdocs/chatroom-app1/vendor/laravel/framework/src/Illuminate/Foundation/Bootstrap/BootProviders.php(17): Illuminate/Foundation/Application->boot()
#22 C:/xampp8.1.17/htdocs/chatroom-app1/vendor/laravel/framework/src/Illuminate/Foundation/Application.php(286): Illuminate/Foundation/Bootstrap/BootProviders->bootstrap(Object(Illuminate/Foundation/Application))
#23 C:/xampp8.1.17/htdocs/chatroom-app1/vendor/laravel/framework/src/Illuminate/Foundation/Console/Kernel.php(447): Illuminate/Foundation/Application->bootstrapWith(Array)
#24 C:/xampp8.1.17/htdocs/chatroom-app1/vendor/laravel/framework/src/Illuminate/Foundation/Console/Kernel.php(199): Illuminate/Foundation/Console/Kernel->bootstrap()
#25 Command line code(1): Illuminate/Foundation/Console/Kernel->handle(Object(Symfony/Component/Console/Input/ArgvInput), Object(Symfony/Component/Console/Output/ConsoleOutput))
#26 {main}
"} 
[2026-09-07 01:57:08] local.ERROR: Command "make:" is ambiguous.
Did you mean one of these?
    make:cast         Create a new custom Eloquent cast class
    make:channel      Create a new channel class
    make:component    Create a new view component class
    make:command      Create a new Artisan command
    make:controller   Create a new controller class
    make:event        Create a new event class
    make:exception    Create a new custom exception class
    make:factory      Create a new model factory
    make:job          Create a new job class
    make:listener     Create a new event listener class
    make:mail         Create a new email class
    make:middleware   Create a new middleware class
    make:model        Create a new Eloquent model class
    make:notification Create a new notification class
    make:observer     Create a new observer class
    make:policy       Create a new policy class
    make:provider     Create a new service provider class
    make:request      Create a new form request class
    make:resource     Create a new resource
    make:rule         Create a new validation rule
    make:scope        Create a new scope class
    make:seeder       Create a new seeder class
    make:test         Create a new test class
    make:view         Create a new view
    make:migration    Create a new migration file. {"exception":"[object] (Symfony\\Component\\Console\\Exception\\CommandNotFoundException(code: 0): Command \"make:\" is ambiguous.
Did you mean one of these?
    make:cast         Create a new custom Eloquent cast class
    make:channel      Create a new channel class
    make:component    Create a new view component class
    make:command      Create a new Artisan command
    make:controller   Create a new controller class
    make:event        Create a new event class
    make:exception    Create a new custom exception class
    make:factory      Create a new model factory
    make:job          Create a new job class
    make:listener     Create a new event listener class
    make:mail         Create a new email class
    make:middleware   Create a new middleware class
    make:model        Create a new Eloquent model class
    make:notification Create a new notification class
    make:observer     Create a new observer class
    make:policy       Create a new policy class
    make:provider     Create a new service provider class
    make:request      Create a new form request class
    make:resource     Create a new resource
    make:rule         Create a new validation rule
    make:scope        Create a new scope class
    make:seeder       Create a new seeder class
    make:test         Create a new test class
    make:view         Create a new view
    make:migration    Create a new migration file. at C:/xampp8.1.17/htdocs/chatroom-app1/vendor/symfony/console/Application.php:801)
[stacktrace]
#0 C:/xampp8.1.17/htdocs/chatroom-app1/vendor/symfony/console/Application.php(266): Symfony/Component/Console/Application->find('make:')
#1 C:/xampp8.1.17/htdocs/chatroom-app1/vendor/symfony/console/Application.php(175): Symfony/Component/Console/Application->doRun(Object(Symfony/Component/Console/Input/ArgvInput), Object(Symfony/Component/Console/Output/ConsoleOutput))
#2 C:/xampp8.1.17/htdocs/chatroom-app1/vendor/laravel/framework/src/Illuminate/Foundation/Console/Kernel.php(201): Symfony/Component/Console/Application->run(Object(Symfony/Component/Console/Input/ArgvInput), Object(Symfony/Component/Console/Output/ConsoleOutput))
#3 C:/xampp8.1.17/htdocs/chatroom-app1/artisan(37): Illuminate/Foundation/Console/Kernel->handle(Object(Symfony/Component/Console/Input/ArgvInput), Object(Symfony/Component/Console/Output/ConsoleOutput))
#4 {main}
"} 
[2026-09-07 05:36:46] local.ERROR: Command "db:select" is not defined.

Did you mean one of these?
    db
    db:monitor
    db:seed
    db:show
    db:table
    db:wipe {"exception":"[object] (Symfony\\Component\\Console\\Exception\\CommandNotFoundException(code: 0): Command \"db:select\" is not defined.

Did you mean one of these?
    db
    db:monitor
    db:seed
    db:show
    db:table
    db:wipe at C:/xampp8.1.17/htdocs/chatroom-app1/vendor/symfony/console/Application.php:745)
[stacktrace]
#0 C:/xampp8.1.17/htdocs/chatroom-app1/vendor/symfony/console/Application.php(266): Symfony/Component/Console/Application->find('db:select')
#1 C:/xampp8.1.17/htdocs/chatroom-app1/vendor/symfony/console/Application.php(175): Symfony/Component/Console/Application->doRun(Object(Symfony/Component/Console/Input/ArgvInput), Object(Symfony/Component/Console/Output/ConsoleOutput))
#2 C:/xampp8.1.17/htdocs/chatroom-app1/vendor/laravel/framework/src/Illuminate/Foundation/Console/Kernel.php(201): Symfony/Component/Console/Application->run(Object(Symfony/Component/Console/Input/ArgvInput), Object(Symfony/Component/Console/Output/ConsoleOutput))
#3 C:/xampp8.1.17/htdocs/chatroom-app1/artisan(37): Illuminate/Foundation/Console/Kernel->handle(Object(Symfony/Component/Console/Input/ArgvInput), Object(Symfony/Component/Console/Output/ConsoleOutput))
#4 {main}
"} 
[2026-09-07 05:37:14] local.ERROR: TTY mode is not supported on Windows platform. {"exception":"[object] (Symfony\\Component\\Process\\Exception\\RuntimeException(code: 0): TTY mode is not supported on Windows platform. at C:/xampp8.1.17/htdocs/chatroom-app1/vendor/symfony/process/Process.php:1020)
[stacktrace]
#0 C:/xampp8.1.17/htdocs/chatroom-app1/vendor/laravel/framework/src/Illuminate/Database/Console/DbCommand.php(49): Symfony/Component/Process/Process->setTty(true)
#1 C:/xampp8.1.17/htdocs/chatroom-app1/vendor/laravel/framework/src/Illuminate/Container/BoundMethod.php(36): Illuminate/Database/Console/DbCommand->handle()
#2 C:/xampp8.1.17/htdocs/chatroom-app1/vendor/laravel/framework/src/Illuminate/Container/Util.php(41): Illuminate/Container/BoundMethod::Illuminate/Container/{closure}()
#3 C:/xampp8.1.17/htdocs/chatroom-app1/vendor/laravel/framework/src/Illuminate/Container/BoundMethod.php(93): Illuminate/Container/Util::unwrapIfClosure(Object(Closure))
#4 C:/xampp8.1.17/htdocs/chatroom-app1/vendor/laravel/framework/src/Illuminate/Container/BoundMethod.php(37): Illuminate/Container/BoundMethod::callBoundMethod(Object(Illuminate/Foundation/Application), Array, Object(Closure))
#5 C:/xampp8.1.17/htdocs/chatroom-app1/vendor/laravel/framework/src/Illuminate/Container/Container.php(662): Illuminate/Container/BoundMethod::call(Object(Illuminate/Foundation/Application), Array, Array, NULL)
#6 C:/xampp8.1.17/htdocs/chatroom-app1/vendor/laravel/framework/src/Illuminate/Console/Command.php(211): Illuminate/Container/Container->call(Array)
#7 C:/xampp8.1.17/htdocs/chatroom-app1/vendor/symfony/console/Command/Command.php(326): Illuminate/Console/Command->execute(Object(Symfony/Component/Console/Input/ArgvInput), Object(Illuminate/Console/OutputStyle))
#8 C:/xampp8.1.17/htdocs/chatroom-app1/vendor/laravel/framework/src/Illuminate/Console/Command.php(181): Symfony/Component/Console/Command/Command->run(Object(Symfony/Component/Console/Input/ArgvInput), Object(Illuminate/Console/OutputStyle))
#9 C:/xampp8.1.17/htdocs/chatroom-app1/vendor/symfony/console/Application.php(1121): Illuminate/Console/Command->run(Object(Symfony/Component/Console/Input/ArgvInput), Object(Symfony/Component/Console/Output/ConsoleOutput))
#10 C:/xampp8.1.17/htdocs/chatroom-app1/vendor/symfony/console/Application.php(324): Symfony/Component/Console/Application->doRunCommand(Object(Illuminate/Database/Console/DbCommand), Object(Symfony/Component/Console/Input/ArgvInput), Object(Symfony/Component/Console/Output/ConsoleOutput))
#11 C:/xampp8.1.17/htdocs/chatroom-app1/vendor/symfony/console/Application.php(175): Symfony/Component/Console/Application->doRun(Object(Symfony/Component/Console/Input/ArgvInput), Object(Symfony/Component/Console/Output/ConsoleOutput))
#12 C:/xampp8.1.17/htdocs/chatroom-app1/vendor/laravel/framework/src/Illuminate/Foundation/Console/Kernel.php(201): Symfony/Component/Console/Application->run(Object(Symfony/Component/Console/Input/ArgvInput), Object(Symfony/Component/Console/Output/ConsoleOutput))
#13 C:/xampp8.1.17/htdocs/chatroom-app1/artisan(37): Illuminate/Foundation/Console/Kernel->handle(Object(Symfony/Component/Console/Input/ArgvInput), Object(Symfony/Component/Console/Output/ConsoleOutput))
#14 {main}
"} 
[2026-09-07 05:54:04] local.INFO: Incoming body payload:  
[2026-09-07 06:00:31] local.INFO: Incoming body payload: {"code":"ABC123","participant":"player121"} 
[2026-09-07 06:03:11] local.INFO: Incoming body payload: {"participant":"Kulas7777"} 
[2026-09-07 06:05:41] local.INFO: Incoming body payload:  
[2026-09-07 06:11:41] local.INFO: Incoming body payload: {"participant":"player300"} 
[2026-09-07 06:27:54] local.INFO: Incoming body payload: {"participant":"adadsada"} 
[2026-09-07 06:29:38] local.INFO: Incoming body payload: {"participant":"Player0001"} 
[2026-09-07 06:48:16] local.INFO: Incoming body payload: {"participant":"someplayer"} 
[2026-09-07 07:05:47] local.INFO: Incoming body payload: {"participant":"player1232"} 
[2026-09-07 07:21:18] local.INFO: Incoming body payload: {"participant":"playersz"} 
[2026-09-07 07:23:55] local.INFO: Incoming body payload: {"participant":"pl123"} 
[2026-09-07 08:57:54] local.INFO: Incoming body payload: {"participant":"participant1001"} 
[2026-09-07 08:58:29] local.INFO: Incoming body payload: {"participant":"pc10002"} 
[2026-09-07 09:03:12] local.INFO: Incoming body payload: {"participant":"jd123"} 
[2026-09-08 03:15:43] local.INFO: Incoming body payload: {"participant":"player0123"} 
[2026-09-08 03:23:35] local.INFO: Incoming body payload: {"participant":"sherv"} 
[2026-09-08 03:26:02] local.INFO: Incoming body payload: {"participant":"shervz"} 
[2026-09-08 03:27:47] local.INFO: Incoming body payload: {"participant":"sheeazzw2"} 
[2026-09-08 03:30:23] local.INFO: Incoming body payload: {"participant":"Shervds"} 
[2026-09-08 03:33:19] local.INFO: Incoming body payload: {"participant":"Shersdsaadas"} 
[2026-09-08 03:35:20] local.INFO: Incoming body payload: {"participant":"singkamas"} 
[2026-09-08 03:43:12] local.INFO: Incoming body payload: {"participant":"Shervin"} 
[2026-09-08 04:03:38] local.INFO: Incoming body payload: {"participant":"Shervin"} 
[2026-09-08 04:04:13] local.INFO: Incoming body payload: {"participant":"Johhny"} 
[2026-09-08 04:08:43] local.INFO: Incoming body payload: {"participant":"tah"} 
[2026-09-08 04:09:08] local.INFO: Incoming body payload: {"participant":"indo"} 
[2026-09-08 05:00:53] local.INFO: Incoming body payload: {"participant":"Shervin1"} 
[2026-09-08 05:01:53] local.INFO: Incoming body payload: {"participant":"DNK123"} 
[2026-09-08 05:03:18] local.INFO: Incoming body payload: {"participant":"DNK1234"} 
[2026-09-08 05:23:07] local.INFO: Incoming body payload: {"participant":"p1"} 
[2026-09-08 05:23:56] local.INFO: Incoming body payload: {"participant":"singkamas"} 
[2026-09-08 05:27:11] local.INFO: Incoming body payload: {"participant":"singkamas"} 
[2026-09-08 05:27:32] local.INFO: Incoming body payload: {"participant":"Talong123"} 
[2026-09-08 06:04:34] local.INFO: Incoming body payload: {"participant":"p1"} 
[2026-09-08 06:38:32] local.INFO: Incoming body payload: {"participant":"SomePlayer"} 
[2026-09-08 06:39:08] local.INFO: Incoming body payload: {"participant":"kamatis"} 
[2026-09-08 06:45:02] local.INFO: Incoming body payload: {"participant":"saging"} 
[2026-09-08 06:52:24] local.INFO: Incoming body payload: {"participant":"kundol"} 
[2026-09-08 06:52:43] local.INFO: Incoming body payload: {"participant":"patola"} 
[2026-09-08 07:00:28] local.INFO: Incoming body payload: {"participant":"Singkamas"} 
[2026-09-08 07:00:35] local.INFO: Incoming body payload: {"participant":"singkamasmaliitlang"} 
[2026-09-08 07:03:24] local.INFO: Incoming body payload: {"participant":"Singkamas na maasim"} 
[2026-09-08 07:15:31] local.INFO: Incoming body payload: {"participant":"teamA"} 
[2026-09-08 07:17:02] local.INFO: Incoming body payload: {"participant":"Singkamasan"} 
[2026-09-08 09:07:55] local.INFO: Incoming body payload: {"participant":"mangungulte"} 
[2026-09-08 09:35:36] local.INFO: Incoming body payload: {"participant":"Payongman"} 
[2026-09-09 00:43:21] local.ERROR: No arguments expected for "serve" command, got "127.0.0.1". {"exception":"[object] (Symfony\\Component\\Console\\Exception\\RuntimeException(code: 0): No arguments expected for \"serve\" command, got \"127.0.0.1\". at C:/xampp8.1.17/htdocs/chatroom-app1/vendor/symfony/console/Input/ArgvInput.php:195)
[stacktrace]
#0 C:/xampp8.1.17/htdocs/chatroom-app1/vendor/symfony/console/Input/ArgvInput.php(89): Symfony/Component/Console/Input/ArgvInput->parseArgument('127.0.0.1')
#1 C:/xampp8.1.17/htdocs/chatroom-app1/vendor/symfony/console/Input/ArgvInput.php(74): Symfony/Component/Console/Input/ArgvInput->parseToken('127.0.0.1', true)
#2 C:/xampp8.1.17/htdocs/chatroom-app1/vendor/symfony/console/Input/Input.php(56): Symfony/Component/Console/Input/ArgvInput->parse()
#3 C:/xampp8.1.17/htdocs/chatroom-app1/vendor/symfony/console/Command/Command.php(285): Symfony/Component/Console/Input/Input->bind(Object(Symfony/Component/Console/Input/InputDefinition))
#4 C:/xampp8.1.17/htdocs/chatroom-app1/vendor/laravel/framework/src/Illuminate/Console/Command.php(181): Symfony/Component/Console/Command/Command->run(Object(Symfony/Component/Console/Input/ArgvInput), Object(Illuminate/Console/OutputStyle))
#5 C:/xampp8.1.17/htdocs/chatroom-app1/vendor/symfony/console/Application.php(1121): Illuminate/Console/Command->run(Object(Symfony/Component/Console/Input/ArgvInput), Object(Symfony/Component/Console/Output/ConsoleOutput))
#6 C:/xampp8.1.17/htdocs/chatroom-app1/vendor/symfony/console/Application.php(324): Symfony/Component/Console/Application->doRunCommand(Object(Illuminate/Foundation/Console/ServeCommand), Object(Symfony/Component/Console/Input/ArgvInput), Object(Symfony/Component/Console/Output/ConsoleOutput))
#7 C:/xampp8.1.17/htdocs/chatroom-app1/vendor/symfony/console/Application.php(175): Symfony/Component/Console/Application->doRun(Object(Symfony/Component/Console/Input/ArgvInput), Object(Symfony/Component/Console/Output/ConsoleOutput))
#8 C:/xampp8.1.17/htdocs/chatroom-app1/vendor/laravel/framework/src/Illuminate/Foundation/Console/Kernel.php(201): Symfony/Component/Console/Application->run(Object(Symfony/Component/Console/Input/ArgvInput), Object(Symfony/Component/Console/Output/ConsoleOutput))
#9 C:/xampp8.1.17/htdocs/chatroom-app1/artisan(37): Illuminate/Foundation/Console/Kernel->handle(Object(Symfony/Component/Console/Input/ArgvInput), Object(Symfony/Component/Console/Output/ConsoleOutput))
#10 {main}
"} 
[2026-09-09 00:45:13] local.INFO: Incoming body payload: {"participant":"kamatis"} 
[2026-09-09 00:48:20] local.INFO: Incoming body payload: {"participant":"banana"} 
[2026-09-09 05:10:04] laravel.EMERGENCY: Unable to create configured logger. Using emergency logger. {"exception":"[object] (InvalidArgumentException(code: 0): Log [] is not defined. at C:/xampp8.1.17/htdocs/chatroom-app1/vendor/laravel/framework/src/Illuminate/Log/LogManager.php:212)
[stacktrace]
#0 C:/xampp8.1.17/htdocs/chatroom-app1/vendor/laravel/framework/src/Illuminate/Log/LogManager.php(137): Illuminate/Log/LogManager->resolve(NULL, NULL)
#1 C:/xampp8.1.17/htdocs/chatroom-app1/vendor/laravel/framework/src/Illuminate/Log/LogManager.php(124): Illuminate/Log/LogManager->get(NULL)
#2 C:/xampp8.1.17/htdocs/chatroom-app1/vendor/laravel/framework/src/Illuminate/Log/LogManager.php(681): Illuminate/Log/LogManager->driver()
#3 C:/xampp8.1.17/htdocs/chatroom-app1/vendor/laravel/framework/src/Illuminate/Foundation/Exceptions/Handler.php(317): Illuminate/Log/LogManager->error('syntax error, u...', Array)
#4 C:/xampp8.1.17/htdocs/chatroom-app1/vendor/laravel/framework/src/Illuminate/Foundation/Exceptions/Handler.php(278): Illuminate/Foundation/Exceptions/Handler->reportThrowable(Object(ParseError))
#5 C:/xampp8.1.17/htdocs/chatroom-app1/vendor/laravel/framework/src/Illuminate/Foundation/Console/Kernel.php(523): Illuminate/Foundation/Exceptions/Handler->report(Object(ParseError))
#6 C:/xampp8.1.17/htdocs/chatroom-app1/vendor/laravel/framework/src/Illuminate/Foundation/Console/Kernel.php(203): Illuminate/Foundation/Console/Kernel->reportException(Object(ParseError))
#7 Command line code(1): Illuminate/Foundation/Console/Kernel->handle(Object(Symfony/Component/Console/Input/ArgvInput), Object(Symfony/Component/Console/Output/ConsoleOutput))
#8 {main}
"} 
[2026-09-09 05:10:04] laravel.ERROR: syntax error, unexpected identifier "http", expecting "]" {"exception":"[object] (ParseError(code: 0): syntax error, unexpected identifier \"http\", expecting \"]\" at C:/xampp8.1.17/htdocs/chatroom-app1/config/cors.php:23)
[stacktrace]
#0 C:/xampp8.1.17/htdocs/chatroom-app1/vendor/laravel/framework/src/Illuminate/Foundation/Bootstrap/LoadConfiguration.php(39): Illuminate/Foundation/Bootstrap/LoadConfiguration->loadConfigurationFiles(Object(Illuminate/Foundation/Application), Object(Illuminate/Config/Repository))
#1 C:/xampp8.1.17/htdocs/chatroom-app1/vendor/laravel/framework/src/Illuminate/Foundation/Application.php(286): Illuminate/Foundation/Bootstrap/LoadConfiguration->bootstrap(Object(Illuminate/Foundation/Application))
#2 C:/xampp8.1.17/htdocs/chatroom-app1/vendor/laravel/framework/src/Illuminate/Foundation/Console/Kernel.php(447): Illuminate/Foundation/Application->bootstrapWith(Array)
#3 C:/xampp8.1.17/htdocs/chatroom-app1/vendor/laravel/framework/src/Illuminate/Foundation/Console/Kernel.php(199): Illuminate/Foundation/Console/Kernel->bootstrap()
#4 Command line code(1): Illuminate/Foundation/Console/Kernel->handle(Object(Symfony/Component/Console/Input/ArgvInput), Object(Symfony/Component/Console/Output/ConsoleOutput))
#5 {main}
"} 
[2026-09-09 03:28:22] local.ERROR: syntax error, unexpected token ")" {"exception":"[object] (ParseError(code: 0): syntax error, unexpected token \")\" at C:/xampp8.1.17/htdocs/chatroom-app1/routes/api.php:44)
[stacktrace]
#0 C:/xampp8.1.17/htdocs/chatroom-app1/vendor/laravel/framework/src/Illuminate/Routing/Router.php(511): Illuminate/Routing/RouteFileRegistrar->register('C://xampp8.1.17//...')
#1 C:/xampp8.1.17/htdocs/chatroom-app1/vendor/laravel/framework/src/Illuminate/Routing/Router.php(465): Illuminate/Routing/Router->loadRoutes('C://xampp8.1.17//...')
#2 C:/xampp8.1.17/htdocs/chatroom-app1/vendor/laravel/framework/src/Illuminate/Routing/RouteRegistrar.php(194): Illuminate/Routing/Router->group(Array, 'C://xampp8.1.17//...')
#3 C:/xampp8.1.17/htdocs/chatroom-app1/app/Providers/RouteServiceProvider.php(34): Illuminate/Routing/RouteRegistrar->group('C://xampp8.1.17//...')
#4 C:/xampp8.1.17/htdocs/chatroom-app1/vendor/laravel/framework/src/Illuminate/Container/BoundMethod.php(36): App/Providers/RouteServiceProvider->App/Providers/{closure}()
#5 C:/xampp8.1.17/htdocs/chatroom-app1/vendor/laravel/framework/src/Illuminate/Container/Util.php(41): Illuminate/Container/BoundMethod::Illuminate/Container/{closure}()
#6 C:/xampp8.1.17/htdocs/chatroom-app1/vendor/laravel/framework/src/Illuminate/Container/BoundMethod.php(81): Illuminate/Container/Util::unwrapIfClosure(Object(Closure))
#7 C:/xampp8.1.17/htdocs/chatroom-app1/vendor/laravel/framework/src/Illuminate/Container/BoundMethod.php(37): Illuminate/Container/BoundMethod::callBoundMethod(Object(Illuminate/Foundation/Application), Object(Closure), Object(Closure))
#8 C:/xampp8.1.17/htdocs/chatroom-app1/vendor/laravel/framework/src/Illuminate/Container/Container.php(662): Illuminate/Container/BoundMethod::call(Object(Illuminate/Foundation/Application), Object(Closure), Array, NULL)
#9 C:/xampp8.1.17/htdocs/chatroom-app1/vendor/laravel/framework/src/Illuminate/Foundation/Support/Providers/RouteServiceProvider.php(120): Illuminate/Container/Container->call(Object(Closure))
#10 C:/xampp8.1.17/htdocs/chatroom-app1/vendor/laravel/framework/src/Illuminate/Foundation/Support/Providers/RouteServiceProvider.php(45): Illuminate/Foundation/Support/Providers/RouteServiceProvider->loadRoutes()
#11 C:/xampp8.1.17/htdocs/chatroom-app1/vendor/laravel/framework/src/Illuminate/Container/BoundMethod.php(36): Illuminate/Foundation/Support/Providers/RouteServiceProvider->Illuminate/Foundation/Support/Providers/{closure}()
#12 C:/xampp8.1.17/htdocs/chatroom-app1/vendor/laravel/framework/src/Illuminate/Container/Util.php(41): Illuminate/Container/BoundMethod::Illuminate/Container/{closure}()
#13 C:/xampp8.1.17/htdocs/chatroom-app1/vendor/laravel/framework/src/Illuminate/Container/BoundMethod.php(81): Illuminate/Container/Util::unwrapIfClosure(Object(Closure))
#14 C:/xampp8.1.17/htdocs/chatroom-app1/vendor/laravel/framework/src/Illuminate/Container/BoundMethod.php(37): Illuminate/Container/BoundMethod::callBoundMethod(Object(Illuminate/Foundation/Application), Object(Closure), Object(Closure))
#15 C:/xampp8.1.17/htdocs/chatroom-app1/vendor/laravel/framework/src/Illuminate/Container/Container.php(662): Illuminate/Container/BoundMethod::call(Object(Illuminate/Foundation/Application), Object(Closure), Array, NULL)
#16 C:/xampp8.1.17/htdocs/chatroom-app1/vendor/laravel/framework/src/Illuminate/Support/ServiceProvider.php(119): Illuminate/Container/Container->call(Object(Closure))
#17 C:/xampp8.1.17/htdocs/chatroom-app1/vendor/laravel/framework/src/Illuminate/Foundation/Application.php(1062): Illuminate/Support/ServiceProvider->callBootedCallbacks()
#18 C:/xampp8.1.17/htdocs/chatroom-app1/vendor/laravel/framework/src/Illuminate/Foundation/Application.php(1040): Illuminate/Foundation/Application->bootProvider(Object(App/Providers/RouteServiceProvider))
#19 [internal function]: Illuminate/Foundation/Application->Illuminate/Foundation/{closure}(Object(App/Providers/RouteServiceProvider), 25)
#20 C:/xampp8.1.17/htdocs/chatroom-app1/vendor/laravel/framework/src/Illuminate/Foundation/Application.php(1041): array_walk(Array, Object(Closure))
#21 C:/xampp8.1.17/htdocs/chatroom-app1/vendor/laravel/framework/src/Illuminate/Foundation/Bootstrap/BootProviders.php(17): Illuminate/Foundation/Application->boot()
#22 C:/xampp8.1.17/htdocs/chatroom-app1/vendor/laravel/framework/src/Illuminate/Foundation/Application.php(286): Illuminate/Foundation/Bootstrap/BootProviders->bootstrap(Object(Illuminate/Foundation/Application))
#23 C:/xampp8.1.17/htdocs/chatroom-app1/vendor/laravel/framework/src/Illuminate/Foundation/Console/Kernel.php(447): Illuminate/Foundation/Application->bootstrapWith(Array)
#24 C:/xampp8.1.17/htdocs/chatroom-app1/vendor/laravel/framework/src/Illuminate/Foundation/Console/Kernel.php(199): Illuminate/Foundation/Console/Kernel->bootstrap()
#25 Command line code(1): Illuminate/Foundation/Console/Kernel->handle(Object(Symfony/Component/Console/Input/ArgvInput), Object(Symfony/Component/Console/Output/ConsoleOutput))
#26 {main}
"} 
[2026-09-09 03:28:48] local.ERROR: syntax error, unexpected identifier "Route" {"exception":"[object] (ParseError(code: 0): syntax error, unexpected identifier \"Route\" at C:/xampp8.1.17/htdocs/chatroom-app1/routes/api.php:21)
[stacktrace]
#0 C:/xampp8.1.17/htdocs/chatroom-app1/vendor/laravel/framework/src/Illuminate/Routing/Router.php(511): Illuminate/Routing/RouteFileRegistrar->register('C://xampp8.1.17//...')
#1 C:/xampp8.1.17/htdocs/chatroom-app1/vendor/laravel/framework/src/Illuminate/Routing/Router.php(465): Illuminate/Routing/Router->loadRoutes('C://xampp8.1.17//...')
#2 C:/xampp8.1.17/htdocs/chatroom-app1/vendor/laravel/framework/src/Illuminate/Routing/RouteRegistrar.php(194): Illuminate/Routing/Router->group(Array, 'C://xampp8.1.17//...')
#3 C:/xampp8.1.17/htdocs/chatroom-app1/app/Providers/RouteServiceProvider.php(34): Illuminate/Routing/RouteRegistrar->group('C://xampp8.1.17//...')
#4 C:/xampp8.1.17/htdocs/chatroom-app1/vendor/laravel/framework/src/Illuminate/Container/BoundMethod.php(36): App/Providers/RouteServiceProvider->App/Providers/{closure}()
#5 C:/xampp8.1.17/htdocs/chatroom-app1/vendor/laravel/framework/src/Illuminate/Container/Util.php(41): Illuminate/Container/BoundMethod::Illuminate/Container/{closure}()
#6 C:/xampp8.1.17/htdocs/chatroom-app1/vendor/laravel/framework/src/Illuminate/Container/BoundMethod.php(81): Illuminate/Container/Util::unwrapIfClosure(Object(Closure))
#7 C:/xampp8.1.17/htdocs/chatroom-app1/vendor/laravel/framework/src/Illuminate/Container/BoundMethod.php(37): Illuminate/Container/BoundMethod::callBoundMethod(Object(Illuminate/Foundation/Application), Object(Closure), Object(Closure))
#8 C:/xampp8.1.17/htdocs/chatroom-app1/vendor/laravel/framework/src/Illuminate/Container/Container.php(662): Illuminate/Container/BoundMethod::call(Object(Illuminate/Foundation/Application), Object(Closure), Array, NULL)
#9 C:/xampp8.1.17/htdocs/chatroom-app1/vendor/laravel/framework/src/Illuminate/Foundation/Support/Providers/RouteServiceProvider.php(120): Illuminate/Container/Container->call(Object(Closure))
#10 C:/xampp8.1.17/htdocs/chatroom-app1/vendor/laravel/framework/src/Illuminate/Foundation/Support/Providers/RouteServiceProvider.php(45): Illuminate/Foundation/Support/Providers/RouteServiceProvider->loadRoutes()
#11 C:/xampp8.1.17/htdocs/chatroom-app1/vendor/laravel/framework/src/Illuminate/Container/BoundMethod.php(36): Illuminate/Foundation/Support/Providers/RouteServiceProvider->Illuminate/Foundation/Support/Providers/{closure}()
#12 C:/xampp8.1.17/htdocs/chatroom-app1/vendor/laravel/framework/src/Illuminate/Container/Util.php(41): Illuminate/Container/BoundMethod::Illuminate/Container/{closure}()
#13 C:/xampp8.1.17/htdocs/chatroom-app1/vendor/laravel/framework/src/Illuminate/Container/BoundMethod.php(81): Illuminate/Container/Util::unwrapIfClosure(Object(Closure))
#14 C:/xampp8.1.17/htdocs/chatroom-app1/vendor/laravel/framework/src/Illuminate/Container/BoundMethod.php(37): Illuminate/Container/BoundMethod::callBoundMethod(Object(Illuminate/Foundation/Application), Object(Closure), Object(Closure))
#15 C:/xampp8.1.17/htdocs/chatroom-app1/vendor/laravel/framework/src/Illuminate/Container/Container.php(662): Illuminate/Container/BoundMethod::call(Object(Illuminate/Foundation/Application), Object(Closure), Array, NULL)
#16 C:/xampp8.1.17/htdocs/chatroom-app1/vendor/laravel/framework/src/Illuminate/Support/ServiceProvider.php(119): Illuminate/Container/Container->call(Object(Closure))
#17 C:/xampp8.1.17/htdocs/chatroom-app1/vendor/laravel/framework/src/Illuminate/Foundation/Application.php(1062): Illuminate/Support/ServiceProvider->callBootedCallbacks()
#18 C:/xampp8.1.17/htdocs/chatroom-app1/vendor/laravel/framework/src/Illuminate/Foundation/Application.php(1040): Illuminate/Foundation/Application->bootProvider(Object(App/Providers/RouteServiceProvider))
#19 [internal function]: Illuminate/Foundation/Application->Illuminate/Foundation/{closure}(Object(App/Providers/RouteServiceProvider), 25)
#20 C:/xampp8.1.17/htdocs/chatroom-app1/vendor/laravel/framework/src/Illuminate/Foundation/Application.php(1041): array_walk(Array, Object(Closure))
#21 C:/xampp8.1.17/htdocs/chatroom-app1/vendor/laravel/framework/src/Illuminate/Foundation/Bootstrap/BootProviders.php(17): Illuminate/Foundation/Application->boot()
#22 C:/xampp8.1.17/htdocs/chatroom-app1/vendor/laravel/framework/src/Illuminate/Foundation/Application.php(286): Illuminate/Foundation/Bootstrap/BootProviders->bootstrap(Object(Illuminate/Foundation/Application))
#23 C:/xampp8.1.17/htdocs/chatroom-app1/vendor/laravel/framework/src/Illuminate/Foundation/Console/Kernel.php(447): Illuminate/Foundation/Application->bootstrapWith(Array)
#24 C:/xampp8.1.17/htdocs/chatroom-app1/vendor/laravel/framework/src/Illuminate/Foundation/Console/Kernel.php(199): Illuminate/Foundation/Console/Kernel->bootstrap()
#25 Command line code(1): Illuminate/Foundation/Console/Kernel->handle(Object(Symfony/Component/Console/Input/ArgvInput), Object(Symfony/Component/Console/Output/ConsoleOutput))
#26 {main}
"} 
[2026-09-09 04:47:14] local.ERROR: rename(C:\xampp8.1.17\htdocs\chatroom-app1\bootstrap\cache\pac7015.tmp,C:\xampp8.1.17\htdocs\chatroom-app1\bootstrap\cache/packages.php): Access is denied (code: 5) {"exception":"[object] (ErrorException(code: 0): rename(C:\\xampp8.1.17\\htdocs\\chatroom-app1\\bootstrap\\cache\\pac7015.tmp,C:\\xampp8.1.17\\htdocs\\chatroom-app1\\bootstrap\\cache/packages.php): Access is denied (code: 5) at C:/xampp8.1.17/htdocs/chatroom-app1/vendor/laravel/framework/src/Illuminate/Filesystem/Filesystem.php:233)
[stacktrace]
#0 C:/xampp8.1.17/htdocs/chatroom-app1/vendor/laravel/framework/src/Illuminate/Foundation/Bootstrap/HandleExceptions.php(255): Illuminate/Foundation/Bootstrap/HandleExceptions->handleError(2, 'rename(C://xampp...', 'C://xampp8.1.17//...', 233)
#1 [internal function]: Illuminate/Foundation/Bootstrap/HandleExceptions->Illuminate/Foundation/Bootstrap/{closure}(2, 'rename(C://xampp...', 'C://xampp8.1.17//...', 233)
#2 C:/xampp8.1.17/htdocs/chatroom-app1/vendor/laravel/framework/src/Illuminate/Filesystem/Filesystem.php(233): rename('C://xampp8.1.17//...', 'C://xampp8.1.17//...')
#3 C:/xampp8.1.17/htdocs/chatroom-app1/vendor/laravel/framework/src/Illuminate/Foundation/PackageManifest.php(182): Illuminate/Filesystem/Filesystem->replace('C://xampp8.1.17//...', '<?php return ar...')
#4 C:/xampp8.1.17/htdocs/chatroom-app1/vendor/laravel/framework/src/Illuminate/Foundation/PackageManifest.php(137): Illuminate/Foundation/PackageManifest->write(Array)
#5 C:/xampp8.1.17/htdocs/chatroom-app1/vendor/laravel/framework/src/Illuminate/Foundation/PackageManifest.php(107): Illuminate/Foundation/PackageManifest->build()
#6 C:/xampp8.1.17/htdocs/chatroom-app1/vendor/laravel/framework/src/Illuminate/Foundation/PackageManifest.php(90): Illuminate/Foundation/PackageManifest->getManifest()
#7 C:/xampp8.1.17/htdocs/chatroom-app1/vendor/laravel/framework/src/Illuminate/Foundation/PackageManifest.php(79): Illuminate/Foundation/PackageManifest->config('aliases')
#8 C:/xampp8.1.17/htdocs/chatroom-app1/vendor/laravel/framework/src/Illuminate/Foundation/Bootstrap/RegisterFacades.php(26): Illuminate/Foundation/PackageManifest->aliases()
#9 C:/xampp8.1.17/htdocs/chatroom-app1/vendor/laravel/framework/src/Illuminate/Foundation/Application.php(286): Illuminate/Foundation/Bootstrap/RegisterFacades->bootstrap(Object(Illuminate/Foundation/Application))
#10 C:/xampp8.1.17/htdocs/chatroom-app1/vendor/laravel/framework/src/Illuminate/Foundation/Console/Kernel.php(447): Illuminate/Foundation/Application->bootstrapWith(Array)
#11 C:/xampp8.1.17/htdocs/chatroom-app1/vendor/laravel/framework/src/Illuminate/Foundation/Console/Kernel.php(199): Illuminate/Foundation/Console/Kernel->bootstrap()
#12 Command line code(1): Illuminate/Foundation/Console/Kernel->handle(Object(Symfony/Component/Console/Input/ArgvInput), Object(Symfony/Component/Console/Output/ConsoleOutput))
#13 {main}
"} 
[2026-09-09 04:53:51] local.INFO: Incoming body payload: {"participant":"motolite"} 
[2026-09-09 05:49:55] local.INFO: Incoming body payload: {"participant":"motolite jr"} 
[2026-09-09 05:57:57] local.INFO: Incoming body payload: {"participant":"singkamas"} 
[2026-09-09 06:07:23] local.INFO: Incoming body payload: {"participant":"password"} 
[2026-09-09 06:10:16] local.INFO: Incoming body payload: {"participant":"charlie"} 
[2026-09-09 06:25:35] local.INFO: Incoming body payload: {"participant":"singkamas"} 
[2026-09-09 06:40:28] local.INFO: Incoming body payload: {"participant":"test1"} 
[2026-09-09 06:43:37] local.INFO: Incoming body payload: {"participant":"singkamas"} 
[2026-09-09 06:58:15] local.ERROR: syntax error, unexpected identifier "Broadcast", expecting "," or ";" {"exception":"[object] (ParseError(code: 0): syntax error, unexpected identifier \"Broadcast\", expecting \",\" or \";\" at C:/xampp8.1.17/htdocs/chatroom-app1/routes/channels.php:17)
[stacktrace]
#0 C:/xampp8.1.17/htdocs/chatroom-app1/vendor/laravel/framework/src/Illuminate/Container/BoundMethod.php(36): App/Providers/BroadcastServiceProvider->boot()
#1 C:/xampp8.1.17/htdocs/chatroom-app1/vendor/laravel/framework/src/Illuminate/Container/Util.php(41): Illuminate/Container/BoundMethod::Illuminate/Container/{closure}()
#2 C:/xampp8.1.17/htdocs/chatroom-app1/vendor/laravel/framework/src/Illuminate/Container/BoundMethod.php(93): Illuminate/Container/Util::unwrapIfClosure(Object(Closure))
#3 C:/xampp8.1.17/htdocs/chatroom-app1/vendor/laravel/framework/src/Illuminate/Container/BoundMethod.php(37): Illuminate/Container/BoundMethod::callBoundMethod(Object(Illuminate/Foundation/Application), Array, Object(Closure))
#4 C:/xampp8.1.17/htdocs/chatroom-app1/vendor/laravel/framework/src/Illuminate/Container/Container.php(662): Illuminate/Container/BoundMethod::call(Object(Illuminate/Foundation/Application), Array, Array, NULL)
#5 C:/xampp8.1.17/htdocs/chatroom-app1/vendor/laravel/framework/src/Illuminate/Foundation/Application.php(1059): Illuminate/Container/Container->call(Array)
#6 C:/xampp8.1.17/htdocs/chatroom-app1/vendor/laravel/framework/src/Illuminate/Foundation/Application.php(1040): Illuminate/Foundation/Application->bootProvider(Object(App/Providers/BroadcastServiceProvider))
#7 [internal function]: Illuminate/Foundation/Application->Illuminate/Foundation/{closure}(Object(App/Providers/BroadcastServiceProvider), 23)
#8 C:/xampp8.1.17/htdocs/chatroom-app1/vendor/laravel/framework/src/Illuminate/Foundation/Application.php(1041): array_walk(Array, Object(Closure))
#9 C:/xampp8.1.17/htdocs/chatroom-app1/vendor/laravel/framework/src/Illuminate/Foundation/Bootstrap/BootProviders.php(17): Illuminate/Foundation/Application->boot()
#10 C:/xampp8.1.17/htdocs/chatroom-app1/vendor/laravel/framework/src/Illuminate/Foundation/Application.php(286): Illuminate/Foundation/Bootstrap/BootProviders->bootstrap(Object(Illuminate/Foundation/Application))
#11 C:/xampp8.1.17/htdocs/chatroom-app1/vendor/laravel/framework/src/Illuminate/Foundation/Console/Kernel.php(447): Illuminate/Foundation/Application->bootstrapWith(Array)
#12 C:/xampp8.1.17/htdocs/chatroom-app1/vendor/laravel/framework/src/Illuminate/Foundation/Console/Kernel.php(199): Illuminate/Foundation/Console/Kernel->bootstrap()
#13 Command line code(1): Illuminate/Foundation/Console/Kernel->handle(Object(Symfony/Component/Console/Input/ArgvInput), Object(Symfony/Component/Console/Output/ConsoleOutput))
#14 {main}
"} 
[2026-09-09 06:58:15] local.ERROR: syntax error, unexpected identifier "Broadcast", expecting "," or ";" {"exception":"[object] (ParseError(code: 0): syntax error, unexpected identifier \"Broadcast\", expecting \",\" or \";\" at C:/xampp8.1.17/htdocs/chatroom-app1/routes/channels.php:17)
[stacktrace]
#0 C:/xampp8.1.17/htdocs/chatroom-app1/vendor/laravel/framework/src/Illuminate/Container/BoundMethod.php(36): App/Providers/BroadcastServiceProvider->boot()
#1 C:/xampp8.1.17/htdocs/chatroom-app1/vendor/laravel/framework/src/Illuminate/Container/Util.php(41): Illuminate/Container/BoundMethod::Illuminate/Container/{closure}()
#2 C:/xampp8.1.17/htdocs/chatroom-app1/vendor/laravel/framework/src/Illuminate/Container/BoundMethod.php(93): Illuminate/Container/Util::unwrapIfClosure(Object(Closure))
#3 C:/xampp8.1.17/htdocs/chatroom-app1/vendor/laravel/framework/src/Illuminate/Container/BoundMethod.php(37): Illuminate/Container/BoundMethod::callBoundMethod(Object(Illuminate/Foundation/Application), Array, Object(Closure))
#4 C:/xampp8.1.17/htdocs/chatroom-app1/vendor/laravel/framework/src/Illuminate/Container/Container.php(662): Illuminate/Container/BoundMethod::call(Object(Illuminate/Foundation/Application), Array, Array, NULL)
#5 C:/xampp8.1.17/htdocs/chatroom-app1/vendor/laravel/framework/src/Illuminate/Foundation/Application.php(1059): Illuminate/Container/Container->call(Array)
#6 C:/xampp8.1.17/htdocs/chatroom-app1/vendor/laravel/framework/src/Illuminate/Foundation/Application.php(1040): Illuminate/Foundation/Application->bootProvider(Object(App/Providers/BroadcastServiceProvider))
#7 [internal function]: Illuminate/Foundation/Application->Illuminate/Foundation/{closure}(Object(App/Providers/BroadcastServiceProvider), 23)
#8 C:/xampp8.1.17/htdocs/chatroom-app1/vendor/laravel/framework/src/Illuminate/Foundation/Application.php(1041): array_walk(Array, Object(Closure))
#9 C:/xampp8.1.17/htdocs/chatroom-app1/vendor/laravel/framework/src/Illuminate/Foundation/Bootstrap/BootProviders.php(17): Illuminate/Foundation/Application->boot()
#10 C:/xampp8.1.17/htdocs/chatroom-app1/vendor/laravel/framework/src/Illuminate/Foundation/Application.php(286): Illuminate/Foundation/Bootstrap/BootProviders->bootstrap(Object(Illuminate/Foundation/Application))
#11 C:/xampp8.1.17/htdocs/chatroom-app1/vendor/laravel/framework/src/Illuminate/Foundation/Console/Kernel.php(447): Illuminate/Foundation/Application->bootstrapWith(Array)
#12 C:/xampp8.1.17/htdocs/chatroom-app1/vendor/laravel/framework/src/Illuminate/Foundation/Console/Kernel.php(199): Illuminate/Foundation/Console/Kernel->bootstrap()
#13 Command line code(1): Illuminate/Foundation/Console/Kernel->handle(Object(Symfony/Component/Console/Input/ArgvInput), Object(Symfony/Component/Console/Output/ConsoleOutput))
#14 {main}
"} 
[2026-09-09 06:58:30] local.ERROR: syntax error, unexpected identifier "Broadcast", expecting "," or ";" {"exception":"[object] (ParseError(code: 0): syntax error, unexpected identifier \"Broadcast\", expecting \",\" or \";\" at C:/xampp8.1.17/htdocs/chatroom-app1/routes/channels.php:17)
[stacktrace]
#0 C:/xampp8.1.17/htdocs/chatroom-app1/vendor/laravel/framework/src/Illuminate/Container/BoundMethod.php(36): App/Providers/BroadcastServiceProvider->boot()
#1 C:/xampp8.1.17/htdocs/chatroom-app1/vendor/laravel/framework/src/Illuminate/Container/Util.php(41): Illuminate/Container/BoundMethod::Illuminate/Container/{closure}()
#2 C:/xampp8.1.17/htdocs/chatroom-app1/vendor/laravel/framework/src/Illuminate/Container/BoundMethod.php(93): Illuminate/Container/Util::unwrapIfClosure(Object(Closure))
#3 C:/xampp8.1.17/htdocs/chatroom-app1/vendor/laravel/framework/src/Illuminate/Container/BoundMethod.php(37): Illuminate/Container/BoundMethod::callBoundMethod(Object(Illuminate/Foundation/Application), Array, Object(Closure))
#4 C:/xampp8.1.17/htdocs/chatroom-app1/vendor/laravel/framework/src/Illuminate/Container/Container.php(662): Illuminate/Container/BoundMethod::call(Object(Illuminate/Foundation/Application), Array, Array, NULL)
#5 C:/xampp8.1.17/htdocs/chatroom-app1/vendor/laravel/framework/src/Illuminate/Foundation/Application.php(1059): Illuminate/Container/Container->call(Array)
#6 C:/xampp8.1.17/htdocs/chatroom-app1/vendor/laravel/framework/src/Illuminate/Foundation/Application.php(1040): Illuminate/Foundation/Application->bootProvider(Object(App/Providers/BroadcastServiceProvider))
#7 [internal function]: Illuminate/Foundation/Application->Illuminate/Foundation/{closure}(Object(App/Providers/BroadcastServiceProvider), 23)
#8 C:/xampp8.1.17/htdocs/chatroom-app1/vendor/laravel/framework/src/Illuminate/Foundation/Application.php(1041): array_walk(Array, Object(Closure))
#9 C:/xampp8.1.17/htdocs/chatroom-app1/vendor/laravel/framework/src/Illuminate/Foundation/Bootstrap/BootProviders.php(17): Illuminate/Foundation/Application->boot()
#10 C:/xampp8.1.17/htdocs/chatroom-app1/vendor/laravel/framework/src/Illuminate/Foundation/Application.php(286): Illuminate/Foundation/Bootstrap/BootProviders->bootstrap(Object(Illuminate/Foundation/Application))
#11 C:/xampp8.1.17/htdocs/chatroom-app1/vendor/laravel/framework/src/Illuminate/Foundation/Console/Kernel.php(447): Illuminate/Foundation/Application->bootstrapWith(Array)
#12 C:/xampp8.1.17/htdocs/chatroom-app1/vendor/laravel/framework/src/Illuminate/Foundation/Console/Kernel.php(199): Illuminate/Foundation/Console/Kernel->bootstrap()
#13 Command line code(1): Illuminate/Foundation/Console/Kernel->handle(Object(Symfony/Component/Console/Input/ArgvInput), Object(Symfony/Component/Console/Output/ConsoleOutput))
#14 {main}
"} 
[2026-09-09 06:58:43] local.ERROR: syntax error, unexpected identifier "Broadcast", expecting "," or ";" {"exception":"[object] (ParseError(code: 0): syntax error, unexpected identifier \"Broadcast\", expecting \",\" or \";\" at C:/xampp8.1.17/htdocs/chatroom-app1/routes/channels.php:17)
[stacktrace]
#0 C:/xampp8.1.17/htdocs/chatroom-app1/vendor/laravel/framework/src/Illuminate/Container/BoundMethod.php(36): App/Providers/BroadcastServiceProvider->boot()
#1 C:/xampp8.1.17/htdocs/chatroom-app1/vendor/laravel/framework/src/Illuminate/Container/Util.php(41): Illuminate/Container/BoundMethod::Illuminate/Container/{closure}()
#2 C:/xampp8.1.17/htdocs/chatroom-app1/vendor/laravel/framework/src/Illuminate/Container/BoundMethod.php(93): Illuminate/Container/Util::unwrapIfClosure(Object(Closure))
#3 C:/xampp8.1.17/htdocs/chatroom-app1/vendor/laravel/framework/src/Illuminate/Container/BoundMethod.php(37): Illuminate/Container/BoundMethod::callBoundMethod(Object(Illuminate/Foundation/Application), Array, Object(Closure))
#4 C:/xampp8.1.17/htdocs/chatroom-app1/vendor/laravel/framework/src/Illuminate/Container/Container.php(662): Illuminate/Container/BoundMethod::call(Object(Illuminate/Foundation/Application), Array, Array, NULL)
#5 C:/xampp8.1.17/htdocs/chatroom-app1/vendor/laravel/framework/src/Illuminate/Foundation/Application.php(1059): Illuminate/Container/Container->call(Array)
#6 C:/xampp8.1.17/htdocs/chatroom-app1/vendor/laravel/framework/src/Illuminate/Foundation/Application.php(1040): Illuminate/Foundation/Application->bootProvider(Object(App/Providers/BroadcastServiceProvider))
#7 [internal function]: Illuminate/Foundation/Application->Illuminate/Foundation/{closure}(Object(App/Providers/BroadcastServiceProvider), 23)
#8 C:/xampp8.1.17/htdocs/chatroom-app1/vendor/laravel/framework/src/Illuminate/Foundation/Application.php(1041): array_walk(Array, Object(Closure))
#9 C:/xampp8.1.17/htdocs/chatroom-app1/vendor/laravel/framework/src/Illuminate/Foundation/Bootstrap/BootProviders.php(17): Illuminate/Foundation/Application->boot()
#10 C:/xampp8.1.17/htdocs/chatroom-app1/vendor/laravel/framework/src/Illuminate/Foundation/Application.php(286): Illuminate/Foundation/Bootstrap/BootProviders->bootstrap(Object(Illuminate/Foundation/Application))
#11 C:/xampp8.1.17/htdocs/chatroom-app1/vendor/laravel/framework/src/Illuminate/Foundation/Console/Kernel.php(447): Illuminate/Foundation/Application->bootstrapWith(Array)
#12 C:/xampp8.1.17/htdocs/chatroom-app1/vendor/laravel/framework/src/Illuminate/Foundation/Console/Kernel.php(199): Illuminate/Foundation/Console/Kernel->bootstrap()
#13 Command line code(1): Illuminate/Foundation/Console/Kernel->handle(Object(Symfony/Component/Console/Input/ArgvInput), Object(Symfony/Component/Console/Output/ConsoleOutput))
#14 {main}
"} 
[2026-09-09 06:58:53] local.ERROR: syntax error, unexpected identifier "Broadcast", expecting "," or ";" {"exception":"[object] (ParseError(code: 0): syntax error, unexpected identifier \"Broadcast\", expecting \",\" or \";\" at C:/xampp8.1.17/htdocs/chatroom-app1/routes/channels.php:21)
[stacktrace]
#0 C:/xampp8.1.17/htdocs/chatroom-app1/vendor/laravel/framework/src/Illuminate/Container/BoundMethod.php(36): App/Providers/BroadcastServiceProvider->boot()
#1 C:/xampp8.1.17/htdocs/chatroom-app1/vendor/laravel/framework/src/Illuminate/Container/Util.php(41): Illuminate/Container/BoundMethod::Illuminate/Container/{closure}()
#2 C:/xampp8.1.17/htdocs/chatroom-app1/vendor/laravel/framework/src/Illuminate/Container/BoundMethod.php(93): Illuminate/Container/Util::unwrapIfClosure(Object(Closure))
#3 C:/xampp8.1.17/htdocs/chatroom-app1/vendor/laravel/framework/src/Illuminate/Container/BoundMethod.php(37): Illuminate/Container/BoundMethod::callBoundMethod(Object(Illuminate/Foundation/Application), Array, Object(Closure))
#4 C:/xampp8.1.17/htdocs/chatroom-app1/vendor/laravel/framework/src/Illuminate/Container/Container.php(662): Illuminate/Container/BoundMethod::call(Object(Illuminate/Foundation/Application), Array, Array, NULL)
#5 C:/xampp8.1.17/htdocs/chatroom-app1/vendor/laravel/framework/src/Illuminate/Foundation/Application.php(1059): Illuminate/Container/Container->call(Array)
#6 C:/xampp8.1.17/htdocs/chatroom-app1/vendor/laravel/framework/src/Illuminate/Foundation/Application.php(1040): Illuminate/Foundation/Application->bootProvider(Object(App/Providers/BroadcastServiceProvider))
#7 [internal function]: Illuminate/Foundation/Application->Illuminate/Foundation/{closure}(Object(App/Providers/BroadcastServiceProvider), 23)
#8 C:/xampp8.1.17/htdocs/chatroom-app1/vendor/laravel/framework/src/Illuminate/Foundation/Application.php(1041): array_walk(Array, Object(Closure))
#9 C:/xampp8.1.17/htdocs/chatroom-app1/vendor/laravel/framework/src/Illuminate/Foundation/Bootstrap/BootProviders.php(17): Illuminate/Foundation/Application->boot()
#10 C:/xampp8.1.17/htdocs/chatroom-app1/vendor/laravel/framework/src/Illuminate/Foundation/Application.php(286): Illuminate/Foundation/Bootstrap/BootProviders->bootstrap(Object(Illuminate/Foundation/Application))
#11 C:/xampp8.1.17/htdocs/chatroom-app1/vendor/laravel/framework/src/Illuminate/Foundation/Console/Kernel.php(447): Illuminate/Foundation/Application->bootstrapWith(Array)
#12 C:/xampp8.1.17/htdocs/chatroom-app1/vendor/laravel/framework/src/Illuminate/Foundation/Console/Kernel.php(199): Illuminate/Foundation/Console/Kernel->bootstrap()
#13 Command line code(1): Illuminate/Foundation/Console/Kernel->handle(Object(Symfony/Component/Console/Input/ArgvInput), Object(Symfony/Component/Console/Output/ConsoleOutput))
#14 {main}
"} 
[2026-09-09 06:59:03] local.ERROR: syntax error, unexpected identifier "Broadcast", expecting "," or ";" {"exception":"[object] (ParseError(code: 0): syntax error, unexpected identifier \"Broadcast\", expecting \",\" or \";\" at C:/xampp8.1.17/htdocs/chatroom-app1/routes/channels.php:17)
[stacktrace]
#0 C:/xampp8.1.17/htdocs/chatroom-app1/vendor/laravel/framework/src/Illuminate/Container/BoundMethod.php(36): App/Providers/BroadcastServiceProvider->boot()
#1 C:/xampp8.1.17/htdocs/chatroom-app1/vendor/laravel/framework/src/Illuminate/Container/Util.php(41): Illuminate/Container/BoundMethod::Illuminate/Container/{closure}()
#2 C:/xampp8.1.17/htdocs/chatroom-app1/vendor/laravel/framework/src/Illuminate/Container/BoundMethod.php(93): Illuminate/Container/Util::unwrapIfClosure(Object(Closure))
#3 C:/xampp8.1.17/htdocs/chatroom-app1/vendor/laravel/framework/src/Illuminate/Container/BoundMethod.php(37): Illuminate/Container/BoundMethod::callBoundMethod(Object(Illuminate/Foundation/Application), Array, Object(Closure))
#4 C:/xampp8.1.17/htdocs/chatroom-app1/vendor/laravel/framework/src/Illuminate/Container/Container.php(662): Illuminate/Container/BoundMethod::call(Object(Illuminate/Foundation/Application), Array, Array, NULL)
#5 C:/xampp8.1.17/htdocs/chatroom-app1/vendor/laravel/framework/src/Illuminate/Foundation/Application.php(1059): Illuminate/Container/Container->call(Array)
#6 C:/xampp8.1.17/htdocs/chatroom-app1/vendor/laravel/framework/src/Illuminate/Foundation/Application.php(1040): Illuminate/Foundation/Application->bootProvider(Object(App/Providers/BroadcastServiceProvider))
#7 [internal function]: Illuminate/Foundation/Application->Illuminate/Foundation/{closure}(Object(App/Providers/BroadcastServiceProvider), 23)
#8 C:/xampp8.1.17/htdocs/chatroom-app1/vendor/laravel/framework/src/Illuminate/Foundation/Application.php(1041): array_walk(Array, Object(Closure))
#9 C:/xampp8.1.17/htdocs/chatroom-app1/vendor/laravel/framework/src/Illuminate/Foundation/Bootstrap/BootProviders.php(17): Illuminate/Foundation/Application->boot()
#10 C:/xampp8.1.17/htdocs/chatroom-app1/vendor/laravel/framework/src/Illuminate/Foundation/Application.php(286): Illuminate/Foundation/Bootstrap/BootProviders->bootstrap(Object(Illuminate/Foundation/Application))
#11 C:/xampp8.1.17/htdocs/chatroom-app1/vendor/laravel/framework/src/Illuminate/Foundation/Console/Kernel.php(447): Illuminate/Foundation/Application->bootstrapWith(Array)
#12 C:/xampp8.1.17/htdocs/chatroom-app1/vendor/laravel/framework/src/Illuminate/Foundation/Console/Kernel.php(199): Illuminate/Foundation/Console/Kernel->bootstrap()
#13 Command line code(1): Illuminate/Foundation/Console/Kernel->handle(Object(Symfony/Component/Console/Input/ArgvInput), Object(Symfony/Component/Console/Output/ConsoleOutput))
#14 {main}
"} 
[2026-09-09 07:02:41] local.INFO: Incoming body payload: {"participant":"singkamas"} 
[2026-09-09 07:25:31] local.INFO: Incoming body payload: {"participant":"indo"} 
[2026-09-09 07:27:19] local.INFO: Incoming body payload: {"participant":"singkamas"} 
[2026-09-09 07:37:25] local.INFO: Incoming body payload: {"participant":"carrot"} 
[2026-09-09 07:40:06] local.ERROR: syntax error, unexpected end of file {"exception":"[object] (ParseError(code: 0): syntax error, unexpected end of file at C:/xampp8.1.17/htdocs/chatroom-app1/routes/web.php:31)
[stacktrace]
#0 C:/xampp8.1.17/htdocs/chatroom-app1/vendor/laravel/framework/src/Illuminate/Routing/Router.php(511): Illuminate/Routing/RouteFileRegistrar->register('C://xampp8.1.17//...')
#1 C:/xampp8.1.17/htdocs/chatroom-app1/vendor/laravel/framework/src/Illuminate/Routing/Router.php(465): Illuminate/Routing/Router->loadRoutes('C://xampp8.1.17//...')
#2 C:/xampp8.1.17/htdocs/chatroom-app1/vendor/laravel/framework/src/Illuminate/Routing/RouteRegistrar.php(194): Illuminate/Routing/Router->group(Array, 'C://xampp8.1.17//...')
#3 C:/xampp8.1.17/htdocs/chatroom-app1/app/Providers/RouteServiceProvider.php(37): Illuminate/Routing/RouteRegistrar->group('C://xampp8.1.17//...')
#4 C:/xampp8.1.17/htdocs/chatroom-app1/vendor/laravel/framework/src/Illuminate/Container/BoundMethod.php(36): App/Providers/RouteServiceProvider->App/Providers/{closure}()
#5 C:/xampp8.1.17/htdocs/chatroom-app1/vendor/laravel/framework/src/Illuminate/Container/Util.php(41): Illuminate/Container/BoundMethod::Illuminate/Container/{closure}()
#6 C:/xampp8.1.17/htdocs/chatroom-app1/vendor/laravel/framework/src/Illuminate/Container/BoundMethod.php(81): Illuminate/Container/Util::unwrapIfClosure(Object(Closure))
#7 C:/xampp8.1.17/htdocs/chatroom-app1/vendor/laravel/framework/src/Illuminate/Container/BoundMethod.php(37): Illuminate/Container/BoundMethod::callBoundMethod(Object(Illuminate/Foundation/Application), Object(Closure), Object(Closure))
#8 C:/xampp8.1.17/htdocs/chatroom-app1/vendor/laravel/framework/src/Illuminate/Container/Container.php(662): Illuminate/Container/BoundMethod::call(Object(Illuminate/Foundation/Application), Object(Closure), Array, NULL)
#9 C:/xampp8.1.17/htdocs/chatroom-app1/vendor/laravel/framework/src/Illuminate/Foundation/Support/Providers/RouteServiceProvider.php(120): Illuminate/Container/Container->call(Object(Closure))
#10 C:/xampp8.1.17/htdocs/chatroom-app1/vendor/laravel/framework/src/Illuminate/Foundation/Support/Providers/RouteServiceProvider.php(45): Illuminate/Foundation/Support/Providers/RouteServiceProvider->loadRoutes()
#11 C:/xampp8.1.17/htdocs/chatroom-app1/vendor/laravel/framework/src/Illuminate/Container/BoundMethod.php(36): Illuminate/Foundation/Support/Providers/RouteServiceProvider->Illuminate/Foundation/Support/Providers/{closure}()
#12 C:/xampp8.1.17/htdocs/chatroom-app1/vendor/laravel/framework/src/Illuminate/Container/Util.php(41): Illuminate/Container/BoundMethod::Illuminate/Container/{closure}()
#13 C:/xampp8.1.17/htdocs/chatroom-app1/vendor/laravel/framework/src/Illuminate/Container/BoundMethod.php(81): Illuminate/Container/Util::unwrapIfClosure(Object(Closure))
#14 C:/xampp8.1.17/htdocs/chatroom-app1/vendor/laravel/framework/src/Illuminate/Container/BoundMethod.php(37): Illuminate/Container/BoundMethod::callBoundMethod(Object(Illuminate/Foundation/Application), Object(Closure), Object(Closure))
#15 C:/xampp8.1.17/htdocs/chatroom-app1/vendor/laravel/framework/src/Illuminate/Container/Container.php(662): Illuminate/Container/BoundMethod::call(Object(Illuminate/Foundation/Application), Object(Closure), Array, NULL)
#16 C:/xampp8.1.17/htdocs/chatroom-app1/vendor/laravel/framework/src/Illuminate/Support/ServiceProvider.php(119): Illuminate/Container/Container->call(Object(Closure))
#17 C:/xampp8.1.17/htdocs/chatroom-app1/vendor/laravel/framework/src/Illuminate/Foundation/Application.php(1062): Illuminate/Support/ServiceProvider->callBootedCallbacks()
#18 C:/xampp8.1.17/htdocs/chatroom-app1/vendor/laravel/framework/src/Illuminate/Foundation/Application.php(1040): Illuminate/Foundation/Application->bootProvider(Object(App/Providers/RouteServiceProvider))
#19 [internal function]: Illuminate/Foundation/Application->Illuminate/Foundation/{closure}(Object(App/Providers/RouteServiceProvider), 25)
#20 C:/xampp8.1.17/htdocs/chatroom-app1/vendor/laravel/framework/src/Illuminate/Foundation/Application.php(1041): array_walk(Array, Object(Closure))
#21 C:/xampp8.1.17/htdocs/chatroom-app1/vendor/laravel/framework/src/Illuminate/Foundation/Bootstrap/BootProviders.php(17): Illuminate/Foundation/Application->boot()
#22 C:/xampp8.1.17/htdocs/chatroom-app1/vendor/laravel/framework/src/Illuminate/Foundation/Application.php(286): Illuminate/Foundation/Bootstrap/BootProviders->bootstrap(Object(Illuminate/Foundation/Application))
#23 C:/xampp8.1.17/htdocs/chatroom-app1/vendor/laravel/framework/src/Illuminate/Foundation/Console/Kernel.php(447): Illuminate/Foundation/Application->bootstrapWith(Array)
#24 C:/xampp8.1.17/htdocs/chatroom-app1/vendor/laravel/framework/src/Illuminate/Foundation/Console/Kernel.php(199): Illuminate/Foundation/Console/Kernel->bootstrap()
#25 Command line code(1): Illuminate/Foundation/Console/Kernel->handle(Object(Symfony/Component/Console/Input/ArgvInput), Object(Symfony/Component/Console/Output/ConsoleOutput))
#26 {main}
"} 
[2026-09-09 07:43:42] local.INFO: Incoming body payload: {"participant":"karrotiman"} 
[2026-09-09 07:57:59] local.INFO: Incoming body payload: {"participant":"karrotiman"} 
[2026-09-09 08:02:15] local.ERROR: Class "Illuminate\Support\Illuminate\Support\Facades\Log" not found {"exception":"[object] (Error(code: 0): Class \"Illuminate\\Support\\Illuminate\\Support\\Facades\\Log\" not found at C:/xampp8.1.17/htdocs/chatroom-app1/app/Providers/BroadcastServiceProvider.php:16)
[stacktrace]
#0 C:/xampp8.1.17/htdocs/chatroom-app1/vendor/laravel/framework/src/Illuminate/Container/BoundMethod.php(36): App/Providers/BroadcastServiceProvider->boot()
#1 C:/xampp8.1.17/htdocs/chatroom-app1/vendor/laravel/framework/src/Illuminate/Container/Util.php(41): Illuminate/Container/BoundMethod::Illuminate/Container/{closure}()
#2 C:/xampp8.1.17/htdocs/chatroom-app1/vendor/laravel/framework/src/Illuminate/Container/BoundMethod.php(93): Illuminate/Container/Util::unwrapIfClosure(Object(Closure))
#3 C:/xampp8.1.17/htdocs/chatroom-app1/vendor/laravel/framework/src/Illuminate/Container/BoundMethod.php(37): Illuminate/Container/BoundMethod::callBoundMethod(Object(Illuminate/Foundation/Application), Array, Object(Closure))
#4 C:/xampp8.1.17/htdocs/chatroom-app1/vendor/laravel/framework/src/Illuminate/Container/Container.php(662): Illuminate/Container/BoundMethod::call(Object(Illuminate/Foundation/Application), Array, Array, NULL)
#5 C:/xampp8.1.17/htdocs/chatroom-app1/vendor/laravel/framework/src/Illuminate/Foundation/Application.php(1059): Illuminate/Container/Container->call(Array)
#6 C:/xampp8.1.17/htdocs/chatroom-app1/vendor/laravel/framework/src/Illuminate/Foundation/Application.php(1040): Illuminate/Foundation/Application->bootProvider(Object(App/Providers/BroadcastServiceProvider))
#7 [internal function]: Illuminate/Foundation/Application->Illuminate/Foundation/{closure}(Object(App/Providers/BroadcastServiceProvider), 23)
#8 C:/xampp8.1.17/htdocs/chatroom-app1/vendor/laravel/framework/src/Illuminate/Foundation/Application.php(1041): array_walk(Array, Object(Closure))
#9 C:/xampp8.1.17/htdocs/chatroom-app1/vendor/laravel/framework/src/Illuminate/Foundation/Bootstrap/BootProviders.php(17): Illuminate/Foundation/Application->boot()
#10 C:/xampp8.1.17/htdocs/chatroom-app1/vendor/laravel/framework/src/Illuminate/Foundation/Application.php(286): Illuminate/Foundation/Bootstrap/BootProviders->bootstrap(Object(Illuminate/Foundation/Application))
#11 C:/xampp8.1.17/htdocs/chatroom-app1/vendor/laravel/framework/src/Illuminate/Foundation/Console/Kernel.php(447): Illuminate/Foundation/Application->bootstrapWith(Array)
#12 C:/xampp8.1.17/htdocs/chatroom-app1/vendor/laravel/framework/src/Illuminate/Foundation/Console/Kernel.php(199): Illuminate/Foundation/Console/Kernel->bootstrap()
#13 Command line code(1): Illuminate/Foundation/Console/Kernel->handle(Object(Symfony/Component/Console/Input/ArgvInput), Object(Symfony/Component/Console/Output/ConsoleOutput))
#14 {main}
"} 
[2026-09-09 08:03:15] local.INFO: BroadcastServiceProvider booted  
[2026-09-09 08:03:25] local.INFO: BroadcastServiceProvider booted  
[2026-09-09 08:04:12] local.INFO: BroadcastServiceProvider booted  
[2026-09-09 08:04:15] local.INFO: BroadcastServiceProvider booted  
[2026-09-09 08:04:15] local.INFO: BroadcastServiceProvider booted  
[2026-09-09 08:04:15] local.INFO: BroadcastServiceProvider booted  
[2026-09-09 08:04:40] local.INFO: BroadcastServiceProvider booted  
[2026-09-09 08:04:53] local.INFO: BroadcastServiceProvider booted  
[2026-09-09 08:04:54] local.INFO: BroadcastServiceProvider booted  
[2026-09-09 08:04:54] local.INFO: BroadcastServiceProvider booted  
[2026-09-09 08:04:54] local.INFO: BroadcastServiceProvider booted  
[2026-09-09 08:05:10] local.INFO: BroadcastServiceProvider booted  
[2026-09-09 08:05:10] local.INFO: BroadcastServiceProvider booted  
[2026-09-09 08:05:10] local.INFO: Incoming body payload: {"participant":"kamote"} 
[2026-09-09 08:05:11] local.INFO: BroadcastServiceProvider booted  
[2026-09-09 08:05:11] local.INFO: BroadcastServiceProvider booted  
[2026-09-09 08:05:12] local.INFO: BroadcastServiceProvider booted  
[2026-09-09 08:05:15] local.INFO: BroadcastServiceProvider booted  
[2026-09-09 08:05:15] local.INFO: BroadcastServiceProvider booted  
[2026-09-09 08:06:15] local.INFO: BroadcastServiceProvider booted  
[2026-09-09 08:07:15] local.INFO: BroadcastServiceProvider booted  
[2026-09-09 08:08:15] local.INFO: BroadcastServiceProvider booted  
[2026-09-09 08:09:15] local.INFO: BroadcastServiceProvider booted  
[2026-09-09 08:09:15] local.INFO: BroadcastServiceProvider booted  
[2026-09-09 08:10:15] local.INFO: BroadcastServiceProvider booted  
[2026-09-09 08:11:15] local.INFO: BroadcastServiceProvider booted  
[2026-09-09 08:11:15] local.INFO: BroadcastServiceProvider booted  
[2026-09-09 08:12:15] local.INFO: BroadcastServiceProvider booted  
[2026-09-09 08:12:15] local.INFO: BroadcastServiceProvider booted  
[2026-09-09 08:13:15] local.INFO: BroadcastServiceProvider booted  
[2026-09-09 08:13:15] local.INFO: BroadcastServiceProvider booted  
[2026-09-09 08:14:12] local.INFO: BroadcastServiceProvider booted  
[2026-09-09 08:14:15] local.INFO: BroadcastServiceProvider booted  
[2026-09-09 08:15:15] local.INFO: BroadcastServiceProvider booted  
[2026-09-09 08:15:15] local.INFO: BroadcastServiceProvider booted  
[2026-09-09 08:16:15] local.INFO: BroadcastServiceProvider booted  
[2026-09-09 08:17:15] local.INFO: BroadcastServiceProvider booted  
[2026-09-09 08:18:15] local.INFO: BroadcastServiceProvider booted  
[2026-09-09 08:19:15] local.INFO: BroadcastServiceProvider booted  
[2026-09-09 08:19:40] local.INFO: BroadcastServiceProvider booted  
[2026-09-09 08:19:40] local.INFO: BroadcastServiceProvider booted  
[2026-09-09 08:20:16] local.INFO: BroadcastServiceProvider booted  
[2026-09-09 08:20:16] local.INFO: BroadcastServiceProvider booted  
[2026-09-09 08:21:16] local.INFO: BroadcastServiceProvider booted  
[2026-09-09 08:21:16] local.INFO: BroadcastServiceProvider booted  
[2026-09-09 08:22:16] local.INFO: BroadcastServiceProvider booted  
[2026-09-09 08:23:16] local.INFO: BroadcastServiceProvider booted  
[2026-09-09 08:23:16] local.INFO: BroadcastServiceProvider booted  
[2026-09-09 08:24:12] local.INFO: BroadcastServiceProvider booted  
[2026-09-09 08:24:16] local.INFO: BroadcastServiceProvider booted  
[2026-09-09 08:25:16] local.INFO: BroadcastServiceProvider booted  
[2026-09-09 08:25:16] local.INFO: BroadcastServiceProvider booted  
[2026-09-09 08:26:16] local.INFO: BroadcastServiceProvider booted  
[2026-09-09 08:27:16] local.INFO: BroadcastServiceProvider booted  
[2026-09-09 08:27:16] local.INFO: BroadcastServiceProvider booted  
[2026-09-09 08:27:19] local.INFO: BroadcastServiceProvider booted  
[2026-09-09 08:27:19] local.INFO: BroadcastServiceProvider booted  
[2026-09-09 08:27:21] local.INFO: BroadcastServiceProvider booted  
[2026-09-09 08:27:22] local.INFO: BroadcastServiceProvider booted  
[2026-09-09 08:27:25] local.INFO: BroadcastServiceProvider booted  
[2026-09-09 08:28:16] local.INFO: BroadcastServiceProvider booted  
[2026-09-09 08:29:16] local.INFO: BroadcastServiceProvider booted  
[2026-09-09 08:30:16] local.INFO: BroadcastServiceProvider booted  
[2026-09-09 08:30:16] local.INFO: BroadcastServiceProvider booted  
[2026-09-09 08:30:42] local.INFO: BroadcastServiceProvider booted  
[2026-09-09 08:30:42] local.INFO: BroadcastServiceProvider booted  
[2026-09-09 08:30:42] local.INFO: BroadcastServiceProvider booted  
[2026-09-09 08:30:47] local.INFO: BroadcastServiceProvider booted  
[2026-09-09 08:30:47] local.INFO: BroadcastServiceProvider booted  
[2026-09-09 08:30:57] local.INFO: BroadcastServiceProvider booted  
[2026-09-09 08:31:16] local.INFO: BroadcastServiceProvider booted  
[2026-09-09 08:31:28] local.INFO: BroadcastServiceProvider booted  
[2026-09-09 08:32:16] local.INFO: BroadcastServiceProvider booted  
[2026-09-09 08:32:29] local.INFO: BroadcastServiceProvider booted  
[2026-09-09 08:33:16] local.INFO: BroadcastServiceProvider booted  
[2026-09-09 08:33:30] local.INFO: BroadcastServiceProvider booted  
[2026-09-09 08:34:12] local.INFO: BroadcastServiceProvider booted  
[2026-09-09 08:34:16] local.INFO: BroadcastServiceProvider booted  
[2026-09-09 08:34:16] local.INFO: BroadcastServiceProvider booted  
[2026-09-09 08:34:24] local.INFO: BroadcastServiceProvider booted  
[2026-09-09 08:34:24] local.INFO: BroadcastServiceProvider booted  
[2026-09-09 08:34:30] local.INFO: BroadcastServiceProvider booted  
[2026-09-09 08:34:31] local.INFO: BroadcastServiceProvider booted  
[2026-09-09 08:35:16] local.INFO: BroadcastServiceProvider booted  
[2026-09-09 08:35:32] local.INFO: BroadcastServiceProvider booted  
[2026-09-09 08:35:38] local.INFO: BroadcastServiceProvider booted  
[2026-09-09 08:35:38] local.INFO: BroadcastServiceProvider booted  
[2026-09-09 08:35:39] local.INFO: BroadcastServiceProvider booted  
[2026-09-09 08:35:53] local.INFO: BroadcastServiceProvider booted  
[2026-09-09 08:35:56] local.INFO: BroadcastServiceProvider booted  
[2026-09-09 08:36:00] local.INFO: BroadcastServiceProvider booted  
[2026-09-09 08:36:10] local.INFO: BroadcastServiceProvider booted  
[2026-09-09 08:36:10] local.INFO: BroadcastServiceProvider booted  
[2026-09-09 08:36:11] local.INFO: BroadcastServiceProvider booted  
[2026-09-09 08:36:11] local.INFO: BroadcastServiceProvider booted  
[2026-09-09 08:36:11] local.INFO: BroadcastServiceProvider booted  
[2026-09-09 08:36:16] local.INFO: BroadcastServiceProvider booted  
[2026-09-09 08:36:41] local.INFO: BroadcastServiceProvider booted  
[2026-09-09 08:37:16] local.INFO: BroadcastServiceProvider booted  
[2026-09-09 08:37:41] local.INFO: BroadcastServiceProvider booted  
[2026-09-09 08:37:49] local.INFO: BroadcastServiceProvider booted  
[2026-09-09 08:38:04] local.INFO: BroadcastServiceProvider booted  
[2026-09-09 08:38:16] local.INFO: BroadcastServiceProvider booted  
[2026-09-09 08:38:20] local.INFO: BroadcastServiceProvider booted  
[2026-09-09 08:38:21] local.INFO: BroadcastServiceProvider booted  
[2026-09-09 08:38:21] local.INFO: BroadcastServiceProvider booted  
[2026-09-09 08:38:34] local.INFO: BroadcastServiceProvider booted  
[2026-09-09 08:38:48] local.INFO: BroadcastServiceProvider booted  
[2026-09-09 08:38:49] local.INFO: BroadcastServiceProvider booted  
[2026-09-09 08:38:49] local.INFO: Incoming body payload: {"participant":"kamote"} 
[2026-09-09 08:38:53] local.INFO: BroadcastServiceProvider booted  
[2026-09-09 08:38:54] local.INFO: BroadcastServiceProvider booted  
[2026-09-09 08:39:16] local.INFO: BroadcastServiceProvider booted  
[2026-09-09 08:39:34] local.INFO: BroadcastServiceProvider booted  
[2026-09-09 08:40:05] local.INFO: BroadcastServiceProvider booted  
[2026-09-09 08:40:16] local.INFO: BroadcastServiceProvider booted  
[2026-09-09 08:40:34] local.INFO: BroadcastServiceProvider booted  
[2026-09-09 08:41:16] local.INFO: BroadcastServiceProvider booted  
[2026-09-09 08:41:35] local.INFO: BroadcastServiceProvider booted  
[2026-09-09 08:41:46] local.INFO: BroadcastServiceProvider booted  
[2026-09-09 08:41:46] local.INFO: BroadcastServiceProvider booted  
[2026-09-09 08:41:46] local.INFO: BroadcastServiceProvider booted  
[2026-09-09 08:41:47] local.INFO: BroadcastServiceProvider booted  
[2026-09-09 08:41:48] local.INFO: BroadcastServiceProvider booted  
[2026-09-09 08:41:48] local.INFO: BroadcastServiceProvider booted  
[2026-09-09 08:42:03] local.INFO: BroadcastServiceProvider booted  
[2026-09-09 08:42:16] local.INFO: BroadcastServiceProvider booted  
[2026-09-09 08:42:16] local.INFO: BroadcastServiceProvider booted  
[2026-09-09 08:42:34] local.INFO: BroadcastServiceProvider booted  
[2026-09-09 08:42:39] local.INFO: BroadcastServiceProvider booted  
[2026-09-09 08:42:39] local.INFO: BroadcastServiceProvider booted  
[2026-09-09 08:42:39] local.INFO: BroadcastServiceProvider booted  
[2026-09-09 08:42:51] local.INFO: BroadcastServiceProvider booted  
[2026-09-09 08:43:01] local.INFO: BroadcastServiceProvider booted  
[2026-09-09 08:43:04] local.INFO: BroadcastServiceProvider booted  
[2026-09-09 08:43:04] local.INFO: BroadcastServiceProvider booted  
[2026-09-09 08:43:05] local.INFO: BroadcastServiceProvider booted  
[2026-09-09 08:43:05] local.INFO: BroadcastServiceProvider booted  
[2026-09-09 08:43:06] local.INFO: BroadcastServiceProvider booted  
[2026-09-09 08:43:16] local.INFO: BroadcastServiceProvider booted  
[2026-09-09 08:43:16] local.INFO: BroadcastServiceProvider booted  
[2026-09-09 08:43:36] local.INFO: BroadcastServiceProvider booted  
[2026-09-09 08:43:50] local.INFO: BroadcastServiceProvider booted  
[2026-09-09 08:43:50] local.INFO: BroadcastServiceProvider booted  
[2026-09-09 08:43:50] local.INFO: Incoming body payload: {"participant":"kamote"} 
[2026-09-09 08:43:51] local.INFO: BroadcastServiceProvider booted  
[2026-09-09 08:43:52] local.INFO: BroadcastServiceProvider booted  
[2026-09-09 08:44:06] local.INFO: BroadcastServiceProvider booted  
[2026-09-09 08:44:07] local.INFO: BroadcastServiceProvider booted  
[2026-09-09 08:44:12] local.INFO: BroadcastServiceProvider booted  
[2026-09-09 08:44:16] local.INFO: BroadcastServiceProvider booted  
[2026-09-09 08:44:18] local.INFO: BroadcastServiceProvider booted  
[2026-09-09 08:44:33] local.INFO: BroadcastServiceProvider booted  
[2026-09-09 08:44:36] local.INFO: BroadcastServiceProvider booted  
[2026-09-09 08:45:03] local.INFO: BroadcastServiceProvider booted  
[2026-09-09 08:45:05] local.INFO: BroadcastServiceProvider booted  
[2026-09-09 08:45:06] local.INFO: BroadcastServiceProvider booted  
[2026-09-09 08:45:06] local.INFO: BroadcastServiceProvider booted  
[2026-09-09 08:45:16] local.INFO: BroadcastServiceProvider booted  
[2026-09-09 08:45:16] local.INFO: BroadcastServiceProvider booted  
[2026-09-09 08:45:17] local.INFO: BroadcastServiceProvider booted  
[2026-09-09 08:45:17] local.INFO: BroadcastServiceProvider booted  
[2026-09-09 08:45:17] local.INFO: Incoming body payload: {"participant":"patatas"} 
[2026-09-09 08:45:18] local.INFO: BroadcastServiceProvider booted  
[2026-09-09 08:45:18] local.INFO: BroadcastServiceProvider booted  
[2026-09-09 08:45:36] local.INFO: BroadcastServiceProvider booted  
[2026-09-09 08:45:49] local.INFO: BroadcastServiceProvider booted  
[2026-09-09 08:45:49] local.INFO: BroadcastServiceProvider booted  
[2026-09-09 08:46:03] local.INFO: BroadcastServiceProvider booted  
[2026-09-09 08:46:16] local.INFO: BroadcastServiceProvider booted  
[2026-09-09 08:46:16] local.INFO: BroadcastServiceProvider booted  
[2026-09-09 08:46:36] local.INFO: BroadcastServiceProvider booted  
[2026-09-09 08:47:03] local.INFO: BroadcastServiceProvider booted  
[2026-09-09 08:47:16] local.INFO: BroadcastServiceProvider booted  
[2026-09-09 08:47:16] local.INFO: BroadcastServiceProvider booted  
[2026-09-09 08:47:36] local.INFO: BroadcastServiceProvider booted  
[2026-09-09 08:48:04] local.INFO: BroadcastServiceProvider booted  
[2026-09-09 08:48:16] local.INFO: BroadcastServiceProvider booted  
[2026-09-09 08:48:24] local.INFO: BroadcastServiceProvider booted  
[2026-09-09 08:48:25] local.INFO: BroadcastServiceProvider booted  
[2026-09-09 08:48:25] local.INFO: BroadcastServiceProvider booted  
[2026-09-09 08:48:25] local.INFO: BroadcastServiceProvider booted  
[2026-09-09 08:48:26] local.INFO: BroadcastServiceProvider booted  
[2026-09-09 08:48:26] local.INFO: BroadcastServiceProvider booted  
[2026-09-09 08:48:26] local.INFO: BroadcastServiceProvider booted  
[2026-09-09 08:48:27] local.INFO: BroadcastServiceProvider booted  
[2026-09-09 08:48:27] local.INFO: BroadcastServiceProvider booted  
[2026-09-09 08:48:27] local.INFO: BroadcastServiceProvider booted  
[2026-09-09 08:48:27] local.INFO: BroadcastServiceProvider booted  
[2026-09-09 08:48:30] local.INFO: BroadcastServiceProvider booted  
[2026-09-09 08:48:30] local.INFO: BroadcastServiceProvider booted  
[2026-09-09 08:48:31] local.INFO: BroadcastServiceProvider booted  
[2026-09-09 08:48:31] local.INFO: BroadcastServiceProvider booted  
[2026-09-09 08:48:31] local.INFO: BroadcastServiceProvider booted  
[2026-09-09 08:48:31] local.INFO: BroadcastServiceProvider booted  
[2026-09-09 08:48:32] local.INFO: BroadcastServiceProvider booted  
[2026-09-09 08:48:33] local.INFO: BroadcastServiceProvider booted  
[2026-09-09 08:48:33] local.INFO: BroadcastServiceProvider booted  
[2026-09-09 08:48:33] local.INFO: BroadcastServiceProvider booted  
[2026-09-09 08:48:33] local.INFO: BroadcastServiceProvider booted  
[2026-09-09 08:48:34] local.INFO: BroadcastServiceProvider booted  
[2026-09-09 08:49:02] local.INFO: BroadcastServiceProvider booted  
[2026-09-09 08:49:02] local.INFO: BroadcastServiceProvider booted  
[2026-09-09 08:49:02] local.INFO: BroadcastServiceProvider booted  
[2026-09-09 08:49:15] local.INFO: BroadcastServiceProvider booted  
[2026-09-09 08:49:16] local.INFO: BroadcastServiceProvider booted  
[2026-09-09 08:49:16] local.INFO: BroadcastServiceProvider booted  
[2026-09-09 08:49:29] local.INFO: BroadcastServiceProvider booted  
[2026-09-09 08:49:29] local.INFO: BroadcastServiceProvider booted  
[2026-09-09 08:49:30] local.INFO: BroadcastServiceProvider booted  
[2026-09-09 08:49:30] local.INFO: BroadcastServiceProvider booted  
[2026-09-09 08:49:37] local.INFO: BroadcastServiceProvider booted  
[2026-09-09 08:49:37] local.INFO: BroadcastServiceProvider booted  
[2026-09-09 08:49:38] local.INFO: BroadcastServiceProvider booted  
[2026-09-09 08:49:38] local.INFO: BroadcastServiceProvider booted  
[2026-09-09 08:49:42] local.INFO: BroadcastServiceProvider booted  
[2026-09-09 08:49:43] local.INFO: BroadcastServiceProvider booted  
[2026-09-09 08:49:43] local.INFO: Incoming body payload: {"participant":"kamote"} 
[2026-09-09 08:49:44] local.INFO: BroadcastServiceProvider booted  
[2026-09-09 08:49:44] local.INFO: BroadcastServiceProvider booted  
[2026-09-09 08:49:44] local.INFO: BroadcastServiceProvider booted  
[2026-09-09 08:49:56] local.INFO: BroadcastServiceProvider booted  
[2026-09-09 08:49:56] local.INFO: BroadcastServiceProvider booted  
[2026-09-09 08:49:56] local.INFO: BroadcastServiceProvider booted  
[2026-09-09 08:50:16] local.INFO: BroadcastServiceProvider booted  
[2026-09-09 08:50:16] local.INFO: BroadcastServiceProvider booted  
[2026-09-09 08:50:55] local.INFO: BroadcastServiceProvider booted  
[2026-09-09 08:50:55] local.INFO: BroadcastServiceProvider booted  
[2026-09-09 08:50:55] local.INFO: BroadcastServiceProvider booted  
[2026-09-09 08:51:16] local.INFO: BroadcastServiceProvider booted  
[2026-09-09 08:51:16] local.INFO: BroadcastServiceProvider booted  
[2026-09-09 08:51:29] local.INFO: BroadcastServiceProvider booted  
[2026-09-09 08:51:29] local.INFO: BroadcastServiceProvider booted  
[2026-09-09 08:51:29] local.INFO: Incoming body payload: {"participant":"stick O"} 
[2026-09-09 08:51:30] local.INFO: BroadcastServiceProvider booted  
[2026-09-09 08:51:30] local.INFO: BroadcastServiceProvider booted  
[2026-09-09 08:51:31] local.INFO: BroadcastServiceProvider booted  
[2026-09-09 08:51:51] local.INFO: BroadcastServiceProvider booted  
[2026-09-09 08:51:51] local.INFO: BroadcastServiceProvider booted  
[2026-09-09 08:52:16] local.INFO: BroadcastServiceProvider booted  
[2026-09-09 08:53:16] local.INFO: BroadcastServiceProvider booted  
[2026-09-09 08:54:05] local.INFO: BroadcastServiceProvider booted  
[2026-09-09 08:54:12] local.INFO: BroadcastServiceProvider booted  
[2026-09-09 08:54:16] local.INFO: BroadcastServiceProvider booted  
[2026-09-09 08:54:16] local.INFO: BroadcastServiceProvider booted  
[2026-09-09 08:55:16] local.INFO: BroadcastServiceProvider booted  
[2026-09-09 08:55:16] local.INFO: BroadcastServiceProvider booted  
[2026-09-09 08:56:16] local.INFO: BroadcastServiceProvider booted  
[2026-09-09 08:56:16] local.INFO: BroadcastServiceProvider booted  
[2026-09-09 08:57:16] local.INFO: BroadcastServiceProvider booted  
[2026-09-09 08:57:18] local.INFO: BroadcastServiceProvider booted  
[2026-09-09 08:57:59] local.INFO: BroadcastServiceProvider booted  
[2026-09-09 08:58:16] local.INFO: BroadcastServiceProvider booted  
[2026-09-09 08:58:47] local.INFO: BroadcastServiceProvider booted  
[2026-09-09 08:59:07] local.INFO: BroadcastServiceProvider booted  
[2026-09-09 08:59:16] local.INFO: BroadcastServiceProvider booted  
[2026-09-09 08:59:16] local.INFO: BroadcastServiceProvider booted  
[2026-09-09 08:59:25] local.INFO: BroadcastServiceProvider booted  
[2026-09-09 08:59:26] local.INFO: BroadcastServiceProvider booted  
[2026-09-09 08:59:35] local.INFO: BroadcastServiceProvider booted  
[2026-09-09 09:00:16] local.INFO: BroadcastServiceProvider booted  
[2026-09-09 09:00:48] local.INFO: BroadcastServiceProvider booted  
[2026-09-09 09:00:49] local.INFO: BroadcastServiceProvider booted  
[2026-09-09 09:00:49] local.INFO: BroadcastServiceProvider booted  
[2026-09-09 09:01:02] local.INFO: BroadcastServiceProvider booted  
[2026-09-09 09:01:02] local.INFO: BroadcastServiceProvider booted  
[2026-09-09 09:01:02] local.INFO: BroadcastServiceProvider booted  
[2026-09-09 09:01:16] local.INFO: BroadcastServiceProvider booted  
[2026-09-09 09:01:42] local.INFO: BroadcastServiceProvider booted  
[2026-09-09 09:01:42] local.INFO: BroadcastServiceProvider booted  
[2026-09-09 09:01:43] local.INFO: BroadcastServiceProvider booted  
[2026-09-09 09:02:16] local.INFO: BroadcastServiceProvider booted  
[2026-09-09 09:02:16] local.INFO: BroadcastServiceProvider booted  
[2026-09-09 09:02:16] local.INFO: BroadcastServiceProvider booted  
[2026-09-09 09:03:02] local.INFO: BroadcastServiceProvider booted  
[2026-09-09 09:03:02] local.INFO: BroadcastServiceProvider booted  
[2026-09-09 09:03:03] local.INFO: BroadcastServiceProvider booted  
[2026-09-09 09:03:16] local.INFO: BroadcastServiceProvider booted  
[2026-09-09 09:04:12] local.INFO: BroadcastServiceProvider booted  
[2026-09-09 09:04:16] local.INFO: BroadcastServiceProvider booted  
[2026-09-09 09:04:16] local.INFO: BroadcastServiceProvider booted  
[2026-09-09 09:04:49] local.INFO: BroadcastServiceProvider booted  
[2026-09-09 09:05:13] local.INFO: BroadcastServiceProvider booted  
[2026-09-09 09:05:14] local.INFO: BroadcastServiceProvider booted  
[2026-09-09 09:05:16] local.INFO: BroadcastServiceProvider booted  
[2026-09-09 09:05:16] local.INFO: BroadcastServiceProvider booted  
[2026-09-09 09:06:16] local.INFO: BroadcastServiceProvider booted  
[2026-09-09 09:06:16] local.INFO: BroadcastServiceProvider booted  
[2026-09-09 09:06:50] local.INFO: BroadcastServiceProvider booted  
[2026-09-09 09:06:51] local.INFO: BroadcastServiceProvider booted  
[2026-09-09 09:07:04] local.INFO: BroadcastServiceProvider booted  
[2026-09-09 09:07:16] local.INFO: BroadcastServiceProvider booted  
[2026-09-09 09:07:41] local.INFO: BroadcastServiceProvider booted  
[2026-09-09 09:07:41] local.INFO: BroadcastServiceProvider booted  
[2026-09-09 09:07:42] local.INFO: BroadcastServiceProvider booted  
[2026-09-09 09:07:53] local.INFO: BroadcastServiceProvider booted  
[2026-09-09 09:07:54] local.INFO: BroadcastServiceProvider booted  
[2026-09-09 09:07:54] local.INFO: Incoming body payload: {"participant":"kamote"} 
[2026-09-09 09:07:55] local.INFO: BroadcastServiceProvider booted  
[2026-09-09 09:07:55] local.INFO: BroadcastServiceProvider booted  
[2026-09-09 09:07:55] local.INFO: BroadcastServiceProvider booted  
[2026-09-09 09:08:16] local.INFO: BroadcastServiceProvider booted  
[2026-09-09 09:09:16] local.INFO: BroadcastServiceProvider booted  
[2026-09-09 09:10:16] local.INFO: BroadcastServiceProvider booted  
[2026-09-09 09:10:16] local.INFO: BroadcastServiceProvider booted  
[2026-09-09 09:11:16] local.INFO: BroadcastServiceProvider booted  
[2026-09-09 09:11:16] local.INFO: BroadcastServiceProvider booted  
[2026-09-09 09:12:16] local.INFO: BroadcastServiceProvider booted  
[2026-09-09 09:13:16] local.INFO: BroadcastServiceProvider booted  
[2026-09-09 09:14:12] local.INFO: BroadcastServiceProvider booted  
[2026-09-09 09:14:16] local.INFO: BroadcastServiceProvider booted  
[2026-09-09 09:14:16] local.INFO: BroadcastServiceProvider booted  
[2026-09-09 09:15:13] local.INFO: BroadcastServiceProvider booted  
[2026-09-09 09:15:13] local.INFO: BroadcastServiceProvider booted  
[2026-09-09 09:15:16] local.INFO: BroadcastServiceProvider booted  
[2026-09-09 09:15:21] local.INFO: BroadcastServiceProvider booted  
[2026-09-09 09:15:53] local.INFO: BroadcastServiceProvider booted  
[2026-09-09 09:15:53] local.INFO: BroadcastServiceProvider booted  
[2026-09-09 09:15:54] local.INFO: BroadcastServiceProvider booted  
[2026-09-09 09:16:16] local.INFO: BroadcastServiceProvider booted  
[2026-09-09 09:16:16] local.INFO: BroadcastServiceProvider booted  
[2026-09-09 09:16:28] local.INFO: BroadcastServiceProvider booted  
[2026-09-09 09:16:28] local.INFO: BroadcastServiceProvider booted  
[2026-09-09 09:16:28] local.INFO: BroadcastServiceProvider booted  
[2026-09-09 09:16:33] local.INFO: BroadcastServiceProvider booted  
[2026-09-09 09:16:33] local.INFO: BroadcastServiceProvider booted  
[2026-09-09 09:16:33] local.INFO: Incoming body payload: {"participant":"kamote"} 
[2026-09-09 09:16:34] local.INFO: BroadcastServiceProvider booted  
[2026-09-09 09:16:34] local.INFO: BroadcastServiceProvider booted  
[2026-09-09 09:16:35] local.INFO: BroadcastServiceProvider booted  
[2026-09-09 09:17:16] local.INFO: BroadcastServiceProvider booted  
[2026-09-09 09:17:16] local.INFO: BroadcastServiceProvider booted  
[2026-09-09 09:18:16] local.INFO: BroadcastServiceProvider booted  
[2026-09-09 09:19:16] local.INFO: BroadcastServiceProvider booted  
[2026-09-09 09:19:16] local.INFO: BroadcastServiceProvider booted  
[2026-09-09 09:20:16] local.INFO: BroadcastServiceProvider booted  
[2026-09-09 09:21:16] local.INFO: BroadcastServiceProvider booted  
[2026-09-09 09:22:16] local.INFO: BroadcastServiceProvider booted  
[2026-09-09 09:22:16] local.INFO: BroadcastServiceProvider booted  
[2026-09-09 09:23:16] local.INFO: BroadcastServiceProvider booted  
[2026-09-09 09:23:16] local.INFO: BroadcastServiceProvider booted  
[2026-09-09 09:23:28] local.INFO: BroadcastServiceProvider booted  
[2026-09-09 09:23:28] local.INFO: BroadcastServiceProvider booted  
[2026-09-09 09:23:29] local.INFO: BroadcastServiceProvider booted  
[2026-09-09 09:23:29] local.INFO: BroadcastServiceProvider booted  
[2026-09-09 09:23:31] local.INFO: BroadcastServiceProvider booted  
[2026-09-09 09:23:31] local.INFO: BroadcastServiceProvider booted  
[2026-09-09 09:23:39] local.INFO: BroadcastServiceProvider booted  
[2026-09-09 09:23:39] local.INFO: BroadcastServiceProvider booted  
[2026-09-09 09:23:40] local.INFO: BroadcastServiceProvider booted  
[2026-09-09 09:23:40] local.INFO: BroadcastServiceProvider booted  
[2026-09-09 09:23:41] local.INFO: BroadcastServiceProvider booted  
[2026-09-09 09:23:41] local.INFO: BroadcastServiceProvider booted  
[2026-09-09 09:23:41] local.INFO: BroadcastServiceProvider booted  
[2026-09-09 09:23:41] local.INFO: BroadcastServiceProvider booted  
[2026-09-09 09:23:41] local.INFO: BroadcastServiceProvider booted  
[2026-09-09 09:23:42] local.INFO: BroadcastServiceProvider booted  
[2026-09-09 09:23:42] local.INFO: BroadcastServiceProvider booted  
[2026-09-09 09:23:48] local.INFO: BroadcastServiceProvider booted  
[2026-09-09 09:23:48] local.INFO: BroadcastServiceProvider booted  
[2026-09-09 09:23:48] local.INFO: BroadcastServiceProvider booted  
[2026-09-09 09:23:48] local.INFO: BroadcastServiceProvider booted  
[2026-09-09 09:23:48] local.INFO: BroadcastServiceProvider booted  
[2026-09-09 09:23:49] local.INFO: BroadcastServiceProvider booted  
[2026-09-09 09:24:12] local.INFO: BroadcastServiceProvider booted  
[2026-09-09 09:24:16] local.INFO: BroadcastServiceProvider booted  
[2026-09-09 09:24:58] local.INFO: BroadcastServiceProvider booted  
[2026-09-09 09:24:58] local.INFO: BroadcastServiceProvider booted  
[2026-09-09 09:24:58] local.INFO: BroadcastServiceProvider booted  
[2026-09-09 09:25:04] local.INFO: BroadcastServiceProvider booted  
[2026-09-09 09:25:04] local.INFO: BroadcastServiceProvider booted  
[2026-09-09 09:25:04] local.INFO: Incoming body payload: {"participant":"kamote"} 
[2026-09-09 09:25:05] local.INFO: BroadcastServiceProvider booted  
[2026-09-09 09:25:05] local.INFO: BroadcastServiceProvider booted  
[2026-09-09 09:25:06] local.INFO: BroadcastServiceProvider booted  
[2026-09-09 09:25:16] local.INFO: BroadcastServiceProvider booted  
[2026-09-09 09:25:16] local.INFO: BroadcastServiceProvider booted  
[2026-09-09 09:26:16] local.INFO: BroadcastServiceProvider booted  
[2026-09-09 09:26:16] local.INFO: BroadcastServiceProvider booted  
[2026-09-09 09:26:40] local.INFO: BroadcastServiceProvider booted  
[2026-09-09 09:27:16] local.INFO: BroadcastServiceProvider booted  
[2026-09-09 09:27:16] local.INFO: BroadcastServiceProvider booted  
[2026-09-09 09:27:48] local.INFO: BroadcastServiceProvider booted  
[2026-09-09 09:27:49] local.INFO: BroadcastServiceProvider booted  
[2026-09-09 09:27:49] local.INFO: BroadcastServiceProvider booted  
[2026-09-09 09:27:51] local.INFO: BroadcastServiceProvider booted  
[2026-09-09 09:27:51] local.INFO: BroadcastServiceProvider booted  
[2026-09-09 09:27:51] local.INFO: BroadcastServiceProvider booted  
[2026-09-09 09:28:16] local.INFO: BroadcastServiceProvider booted  
[2026-09-09 09:28:16] local.INFO: BroadcastServiceProvider booted  
[2026-09-09 09:28:29] local.INFO: BroadcastServiceProvider booted  
[2026-09-09 09:28:29] local.INFO: BroadcastServiceProvider booted  
[2026-09-09 09:28:30] local.INFO: BroadcastServiceProvider booted  
[2026-09-09 09:28:31] local.INFO: BroadcastServiceProvider booted  
[2026-09-09 09:28:31] local.INFO: BroadcastServiceProvider booted  
[2026-09-09 09:28:31] local.INFO: BroadcastServiceProvider booted  
[2026-09-09 09:29:12] local.INFO: BroadcastServiceProvider booted  
[2026-09-09 09:29:12] local.INFO: BroadcastServiceProvider booted  
[2026-09-09 09:29:13] local.INFO: BroadcastServiceProvider booted  
[2026-09-09 09:29:14] local.INFO: BroadcastServiceProvider booted  
[2026-09-09 09:29:16] local.INFO: BroadcastServiceProvider booted  
[2026-09-09 09:29:36] local.INFO: BroadcastServiceProvider booted  
[2026-09-09 09:29:36] local.INFO: BroadcastServiceProvider booted  
[2026-09-09 09:29:36] local.INFO: BroadcastServiceProvider booted  
[2026-09-09 09:29:40] local.INFO: BroadcastServiceProvider booted  
[2026-09-09 09:29:41] local.INFO: BroadcastServiceProvider booted  
[2026-09-09 09:29:41] local.INFO: Incoming body payload: {"participant":"kamote"} 
[2026-09-09 09:29:41] local.INFO: BroadcastServiceProvider booted  
[2026-09-09 09:29:42] local.INFO: BroadcastServiceProvider booted  
[2026-09-09 09:29:42] local.INFO: BroadcastServiceProvider booted  
[2026-09-09 09:29:42] local.INFO: TYPING CHANNEL AUTH {"user_id":2,"user_name":"Bob","lobby_code":"ABC123"} 
[2026-09-09 09:29:42] local.INFO: BroadcastServiceProvider booted  
[2026-09-09 09:30:01] local.INFO: BroadcastServiceProvider booted  
[2026-09-09 09:30:01] local.INFO: BroadcastServiceProvider booted  
[2026-09-09 09:30:02] local.INFO: BroadcastServiceProvider booted  
[2026-09-09 09:30:02] local.INFO: BroadcastServiceProvider booted  
[2026-09-09 09:30:16] local.INFO: BroadcastServiceProvider booted  
[2026-09-09 09:30:36] local.INFO: BroadcastServiceProvider booted  
[2026-09-09 09:30:36] local.INFO: BroadcastServiceProvider booted  
[2026-09-09 09:30:36] local.INFO: BroadcastServiceProvider booted  
[2026-09-09 09:30:47] local.INFO: BroadcastServiceProvider booted  
[2026-09-09 09:30:47] local.INFO: BroadcastServiceProvider booted  
[2026-09-09 09:30:47] local.INFO: Incoming body payload: {"participant":"patatas"} 
[2026-09-09 09:30:48] local.INFO: BroadcastServiceProvider booted  
[2026-09-09 09:30:48] local.INFO: BroadcastServiceProvider booted  
[2026-09-09 09:30:48] local.INFO: BroadcastServiceProvider booted  
[2026-09-09 09:30:48] local.INFO: TYPING CHANNEL AUTH {"user_id":1,"user_name":"Alice","lobby_code":"ABC123"} 
[2026-09-09 09:30:49] local.INFO: BroadcastServiceProvider booted  
[2026-09-09 09:31:16] local.INFO: BroadcastServiceProvider booted  
[2026-09-09 09:32:16] local.INFO: BroadcastServiceProvider booted  
[2026-09-09 09:33:16] local.INFO: BroadcastServiceProvider booted  
[2026-09-09 09:34:12] local.INFO: BroadcastServiceProvider booted  
[2026-09-09 09:34:16] local.INFO: BroadcastServiceProvider booted  
[2026-09-09 09:34:16] local.INFO: BroadcastServiceProvider booted  
[2026-09-09 09:35:16] local.INFO: BroadcastServiceProvider booted  
[2026-09-09 09:35:42] local.INFO: BroadcastServiceProvider booted  
[2026-09-09 09:35:42] local.INFO: BroadcastServiceProvider booted  
[2026-09-09 09:35:42] local.INFO: BroadcastServiceProvider booted  
[2026-09-09 09:35:45] local.INFO: BroadcastServiceProvider booted  
[2026-09-09 09:35:46] local.INFO: BroadcastServiceProvider booted  
[2026-09-09 09:35:46] local.INFO: Incoming body payload: {"participant":"kamote"} 
[2026-09-09 09:35:47] local.INFO: BroadcastServiceProvider booted  
[2026-09-09 09:35:47] local.INFO: BroadcastServiceProvider booted  
[2026-09-09 09:35:47] local.INFO: TYPING CHANNEL AUTH {"user_id":2,"user_name":"Bob","lobby_code":"ABC123"} 
[2026-09-09 09:35:47] local.INFO: BroadcastServiceProvider booted  
[2026-09-09 09:35:48] local.INFO: BroadcastServiceProvider booted  
[2026-09-09 09:35:54] local.INFO: BroadcastServiceProvider booted  
[2026-09-09 09:35:54] local.INFO: BroadcastServiceProvider booted  
[2026-09-09 09:35:55] local.INFO: BroadcastServiceProvider booted  
[2026-09-09 09:35:55] local.INFO: BroadcastServiceProvider booted  
[2026-09-09 09:36:16] local.INFO: BroadcastServiceProvider booted  
[2026-09-09 09:36:16] local.INFO: BroadcastServiceProvider booted  
[2026-09-09 09:36:33] local.INFO: BroadcastServiceProvider booted  
[2026-09-09 09:36:33] local.INFO: BroadcastServiceProvider booted  
[2026-09-09 09:36:34] local.INFO: BroadcastServiceProvider booted  
[2026-09-09 09:36:52] local.INFO: BroadcastServiceProvider booted  
[2026-09-09 09:36:52] local.INFO: BroadcastServiceProvider booted  
[2026-09-09 09:36:52] local.INFO: Incoming body payload: {"participant":"sharingan"} 
[2026-09-09 09:36:53] local.INFO: BroadcastServiceProvider booted  
[2026-09-09 09:36:53] local.INFO: BroadcastServiceProvider booted  
[2026-09-09 09:36:53] local.INFO: BroadcastServiceProvider booted  
[2026-09-09 09:36:53] local.INFO: TYPING CHANNEL AUTH {"user_id":1,"user_name":"Alice","lobby_code":"ABC123"} 
[2026-09-09 09:36:54] local.INFO: BroadcastServiceProvider booted  
[2026-09-09 09:37:16] local.INFO: BroadcastServiceProvider booted  
[2026-09-09 09:38:16] local.INFO: BroadcastServiceProvider booted  
[2026-09-09 09:39:10] local.INFO: BroadcastServiceProvider booted  
[2026-09-09 09:39:10] local.INFO: BroadcastServiceProvider booted  
[2026-09-09 09:39:10] local.INFO: BroadcastServiceProvider booted  
[2026-09-09 09:39:10] local.INFO: BroadcastServiceProvider booted  
[2026-09-09 09:39:16] local.INFO: BroadcastServiceProvider booted  
[2026-09-09 09:39:16] local.INFO: BroadcastServiceProvider booted  
[2026-09-09 09:39:44] local.INFO: BroadcastServiceProvider booted  
[2026-09-09 09:39:44] local.INFO: BroadcastServiceProvider booted  
[2026-09-09 09:39:44] local.INFO: BroadcastServiceProvider booted  
[2026-09-09 09:39:56] local.INFO: BroadcastServiceProvider booted  
[2026-09-09 09:39:56] local.INFO: BroadcastServiceProvider booted  
[2026-09-09 09:39:56] local.INFO: Incoming body payload: {"participant":"sharingan"} 
[2026-09-09 09:39:56] local.INFO: BroadcastServiceProvider booted  
[2026-09-09 09:39:57] local.INFO: BroadcastServiceProvider booted  
[2026-09-09 09:39:57] local.INFO: BroadcastServiceProvider booted  
[2026-09-09 09:39:57] local.INFO: TYPING CHANNEL AUTH {"user_id":1,"user_name":"Alice","lobby_code":"ABC123"} 
[2026-09-09 09:39:57] local.INFO: BroadcastServiceProvider booted  
[2026-09-09 09:40:16] local.INFO: BroadcastServiceProvider booted  
[2026-09-09 09:40:16] local.INFO: BroadcastServiceProvider booted  
[2026-09-09 09:41:16] local.INFO: BroadcastServiceProvider booted  
[2026-09-09 09:41:30] local.INFO: BroadcastServiceProvider booted  
[2026-09-09 09:41:31] local.INFO: BroadcastServiceProvider booted  
[2026-09-09 09:42:16] local.INFO: BroadcastServiceProvider booted  
[2026-09-09 09:42:16] local.INFO: BroadcastServiceProvider booted  
[2026-09-09 09:43:16] local.INFO: BroadcastServiceProvider booted  
[2026-09-09 09:44:12] local.INFO: BroadcastServiceProvider booted  
[2026-09-09 09:44:16] local.INFO: BroadcastServiceProvider booted  
[2026-09-09 09:45:16] local.INFO: BroadcastServiceProvider booted  
[2026-09-09 09:45:16] local.INFO: BroadcastServiceProvider booted  
[2026-09-09 09:45:27] local.INFO: BroadcastServiceProvider booted  
[2026-09-09 09:45:27] local.INFO: BroadcastServiceProvider booted  
[2026-09-09 09:45:27] local.INFO: BroadcastServiceProvider booted  
[2026-09-09 09:45:27] local.INFO: BroadcastServiceProvider booted  
[2026-09-09 09:45:28] local.INFO: BroadcastServiceProvider booted  
[2026-09-09 09:45:28] local.INFO: BroadcastServiceProvider booted  
[2026-09-09 09:45:29] local.INFO: BroadcastServiceProvider booted  
[2026-09-09 09:45:29] local.INFO: BroadcastServiceProvider booted  
[2026-09-09 09:45:29] local.INFO: BroadcastServiceProvider booted  
[2026-09-09 09:45:29] local.INFO: TYPING CHANNEL AUTH {"user_id":1,"user_name":"Alice","lobby_code":"ABC123"} 
[2026-09-09 09:45:29] local.INFO: BroadcastServiceProvider booted  
[2026-09-09 09:45:29] local.INFO: TYPING CHANNEL AUTH {"user_id":2,"user_name":"Bob","lobby_code":"ABC123"} 
[2026-09-09 09:45:30] local.INFO: BroadcastServiceProvider booted  
[2026-09-09 09:45:30] local.INFO: BroadcastServiceProvider booted  
[2026-09-09 09:45:30] local.INFO: BroadcastServiceProvider booted  
[2026-09-09 09:45:30] local.INFO: BroadcastServiceProvider booted  
[2026-09-09 09:45:30] local.INFO: BroadcastServiceProvider booted  
[2026-09-09 09:45:30] local.INFO: BroadcastServiceProvider booted  
[2026-09-09 09:45:31] local.INFO: BroadcastServiceProvider booted  
[2026-09-09 09:45:31] local.INFO: BroadcastServiceProvider booted  
[2026-09-09 09:45:31] local.INFO: TYPING CHANNEL AUTH {"user_id":1,"user_name":"Alice","lobby_code":"ABC123"} 
[2026-09-09 09:45:31] local.INFO: BroadcastServiceProvider booted  
[2026-09-09 09:45:31] local.INFO: TYPING CHANNEL AUTH {"user_id":1,"user_name":"Alice","lobby_code":"ABC123"} 
[2026-09-09 09:45:31] local.INFO: BroadcastServiceProvider booted  
[2026-09-09 09:45:59] local.INFO: BroadcastServiceProvider booted  
[2026-09-09 09:45:59] local.INFO: BroadcastServiceProvider booted  
[2026-09-09 09:46:16] local.INFO: BroadcastServiceProvider booted  
[2026-09-09 09:46:16] local.INFO: BroadcastServiceProvider booted  
[2026-09-09 09:46:49] local.INFO: BroadcastServiceProvider booted  
[2026-09-09 09:46:49] local.INFO: BroadcastServiceProvider booted  
[2026-09-09 09:46:50] local.INFO: BroadcastServiceProvider booted  
[2026-09-09 09:46:50] local.INFO: BroadcastServiceProvider booted  
[2026-09-09 09:46:50] local.INFO: BroadcastServiceProvider booted  
[2026-09-09 09:46:51] local.INFO: BroadcastServiceProvider booted  
[2026-09-09 09:46:51] local.INFO: BroadcastServiceProvider booted  
[2026-09-09 09:46:51] local.INFO: BroadcastServiceProvider booted  
[2026-09-09 09:46:51] local.INFO: TYPING CHANNEL AUTH {"user_id":2,"user_name":"Bob","lobby_code":"ABC123"} 
[2026-09-09 09:46:51] local.INFO: BroadcastServiceProvider booted  
[2026-09-09 09:46:52] local.INFO: BroadcastServiceProvider booted  
[2026-09-09 09:46:52] local.INFO: TYPING CHANNEL AUTH {"user_id":1,"user_name":"Alice","lobby_code":"ABC123"} 
[2026-09-09 09:46:52] local.INFO: BroadcastServiceProvider booted  
[2026-09-09 09:46:52] local.INFO: BroadcastServiceProvider booted  
[2026-09-09 09:46:52] local.INFO: TYPING CHANNEL AUTH {"user_id":1,"user_name":"Alice","lobby_code":"ABC123"} 
[2026-09-09 09:47:16] local.INFO: BroadcastServiceProvider booted  
[2026-09-09 09:47:16] local.INFO: BroadcastServiceProvider booted  
[2026-09-09 09:47:30] local.INFO: BroadcastServiceProvider booted  
[2026-09-09 09:47:30] local.INFO: BroadcastServiceProvider booted  
[2026-09-09 09:48:16] local.INFO: BroadcastServiceProvider booted  
[2026-09-09 09:48:16] local.INFO: BroadcastServiceProvider booted  
[2026-09-09 09:49:16] local.INFO: BroadcastServiceProvider booted  
[2026-09-09 09:49:20] local.INFO: BroadcastServiceProvider booted  
[2026-09-09 09:49:21] local.INFO: BroadcastServiceProvider booted  
[2026-09-09 09:49:28] local.INFO: BroadcastServiceProvider booted  
[2026-09-09 09:49:28] local.INFO: BroadcastServiceProvider booted  
[2026-09-09 09:50:16] local.INFO: BroadcastServiceProvider booted  
[2026-09-09 09:50:16] local.INFO: BroadcastServiceProvider booted  
[2026-09-09 09:51:11] local.INFO: BroadcastServiceProvider booted  
[2026-09-09 09:51:11] local.INFO: BroadcastServiceProvider booted  
[2026-09-09 09:51:12] local.INFO: BroadcastServiceProvider booted  
[2026-09-09 09:51:12] local.INFO: BroadcastServiceProvider booted  
[2026-09-09 09:51:12] local.INFO: BroadcastServiceProvider booted  
[2026-09-09 09:51:12] local.INFO: BroadcastServiceProvider booted  
[2026-09-09 09:51:13] local.INFO: BroadcastServiceProvider booted  
[2026-09-09 09:51:13] local.INFO: BroadcastServiceProvider booted  
[2026-09-09 09:51:13] local.INFO: BroadcastServiceProvider booted  
[2026-09-09 09:51:13] local.INFO: BroadcastServiceProvider booted  
[2026-09-09 09:51:13] local.INFO: TYPING CHANNEL AUTH {"user_id":2,"user_name":"Bob","lobby_code":"ABC123"} 
[2026-09-09 09:51:13] local.INFO: BroadcastServiceProvider booted  
[2026-09-09 09:51:14] local.INFO: TYPING CHANNEL AUTH {"user_id":1,"user_name":"Alice","lobby_code":"ABC123"} 
[2026-09-09 09:51:14] local.INFO: BroadcastServiceProvider booted  
[2026-09-09 09:51:14] local.INFO: TYPING CHANNEL AUTH {"user_id":1,"user_name":"Alice","lobby_code":"ABC123"} 
[2026-09-09 09:51:16] local.INFO: BroadcastServiceProvider booted  
[2026-09-09 09:51:16] local.INFO: BroadcastServiceProvider booted  
[2026-09-09 09:52:16] local.INFO: BroadcastServiceProvider booted  
[2026-09-09 09:53:12] local.INFO: BroadcastServiceProvider booted  
[2026-09-09 09:53:12] local.INFO: BroadcastServiceProvider booted  
[2026-09-09 09:53:12] local.INFO: BroadcastServiceProvider booted  
[2026-09-09 09:53:12] local.INFO: BroadcastServiceProvider booted  
[2026-09-09 09:53:13] local.INFO: BroadcastServiceProvider booted  
[2026-09-09 09:53:13] local.INFO: BroadcastServiceProvider booted  
[2026-09-09 09:53:16] local.INFO: BroadcastServiceProvider booted  
[2026-09-09 09:53:16] local.INFO: BroadcastServiceProvider booted  
[2026-09-09 09:53:17] local.INFO: BroadcastServiceProvider booted  
[2026-09-09 09:53:17] local.INFO: BroadcastServiceProvider booted  
[2026-09-09 09:53:17] local.INFO: BroadcastServiceProvider booted  
[2026-09-09 09:53:17] local.INFO: TYPING CHANNEL AUTH {"user_id":2,"user_name":"Bob","lobby_code":"ABC123"} 
[2026-09-09 09:53:17] local.INFO: BroadcastServiceProvider booted  
[2026-09-09 09:53:17] local.INFO: BroadcastServiceProvider booted  
[2026-09-09 09:53:17] local.INFO: BroadcastServiceProvider booted  
[2026-09-09 09:53:18] local.INFO: BroadcastServiceProvider booted  
[2026-09-09 09:53:18] local.INFO: BroadcastServiceProvider booted  
[2026-09-09 09:53:18] local.INFO: TYPING CHANNEL AUTH {"user_id":1,"user_name":"Alice","lobby_code":"ABC123"} 
[2026-09-09 09:53:18] local.INFO: BroadcastServiceProvider booted  
[2026-09-09 09:53:18] local.INFO: BroadcastServiceProvider booted  
[2026-09-09 09:53:18] local.INFO: BroadcastServiceProvider booted  
[2026-09-09 09:53:18] local.INFO: TYPING CHANNEL AUTH {"user_id":1,"user_name":"Alice","lobby_code":"ABC123"} 
[2026-09-09 09:53:18] local.INFO: BroadcastServiceProvider booted  
[2026-09-09 09:53:30] local.INFO: BroadcastServiceProvider booted  
[2026-09-09 09:53:30] local.INFO: BroadcastServiceProvider booted  
[2026-09-09 09:53:30] local.INFO: TYPING CHANNEL AUTH {"user_id":2,"user_name":"Bob","lobby_code":"ABC123"} 
[2026-09-09 09:53:30] local.INFO: BroadcastServiceProvider booted  
[2026-09-09 09:53:30] local.INFO: BroadcastServiceProvider booted  
[2026-09-09 09:53:30] local.INFO: BroadcastServiceProvider booted  
[2026-09-09 09:53:30] local.INFO: TYPING CHANNEL AUTH {"user_id":1,"user_name":"Alice","lobby_code":"ABC123"} 
[2026-09-09 09:53:31] local.INFO: BroadcastServiceProvider booted  
[2026-09-09 09:53:31] local.INFO: TYPING CHANNEL AUTH {"user_id":1,"user_name":"Alice","lobby_code":"ABC123"} 
[2026-09-09 09:54:12] local.INFO: BroadcastServiceProvider booted  
[2026-09-09 09:54:16] local.INFO: BroadcastServiceProvider booted  
[2026-09-09 09:54:16] local.INFO: BroadcastServiceProvider booted  
[2026-09-09 09:55:16] local.INFO: BroadcastServiceProvider booted  
[2026-09-09 09:55:16] local.INFO: BroadcastServiceProvider booted  
[2026-09-09 09:56:16] local.INFO: BroadcastServiceProvider booted  
[2026-09-09 09:56:16] local.INFO: BroadcastServiceProvider booted  
[2026-09-09 09:56:53] local.INFO: BroadcastServiceProvider booted  
[2026-09-09 09:56:53] local.INFO: BroadcastServiceProvider booted  
[2026-09-09 09:57:16] local.INFO: BroadcastServiceProvider booted  
[2026-09-09 09:57:16] local.INFO: BroadcastServiceProvider booted  
[2026-09-09 09:58:16] local.INFO: BroadcastServiceProvider booted  
[2026-09-09 09:59:16] local.INFO: BroadcastServiceProvider booted  
[2026-09-09 10:00:04] local.INFO: BroadcastServiceProvider booted  
[2026-09-09 10:00:04] local.INFO: BroadcastServiceProvider booted  
[2026-09-09 10:00:04] local.INFO: BroadcastServiceProvider booted  
[2026-09-09 10:00:04] local.INFO: BroadcastServiceProvider booted  
[2026-09-09 10:00:04] local.INFO: BroadcastServiceProvider booted  
[2026-09-09 10:00:05] local.INFO: BroadcastServiceProvider booted  
[2026-09-09 10:00:16] local.INFO: BroadcastServiceProvider booted  
[2026-09-09 10:00:16] local.INFO: BroadcastServiceProvider booted  
[2026-09-10 00:30:53] local.INFO: BroadcastServiceProvider booted  
[2026-09-10 00:30:54] local.ERROR: The "--host:" option does not exist. {"exception":"[object] (Symfony\\Component\\Console\\Exception\\RuntimeException(code: 0): The \"--host:\" option does not exist. at C:/xampp8.1.17/htdocs/chatroom-app1/vendor/symfony/console/Input/ArgvInput.php:222)
[stacktrace]
#0 C:/xampp8.1.17/htdocs/chatroom-app1/vendor/symfony/console/Input/ArgvInput.php(151): Symfony/Component/Console/Input/ArgvInput->addLongOption('host:', NULL)
#1 C:/xampp8.1.17/htdocs/chatroom-app1/vendor/symfony/console/Input/ArgvInput.php(85): Symfony/Component/Console/Input/ArgvInput->parseLongOption('--host:')
#2 C:/xampp8.1.17/htdocs/chatroom-app1/vendor/symfony/console/Input/ArgvInput.php(74): Symfony/Component/Console/Input/ArgvInput->parseToken('--host:', true)
#3 C:/xampp8.1.17/htdocs/chatroom-app1/vendor/symfony/console/Input/Input.php(56): Symfony/Component/Console/Input/ArgvInput->parse()
#4 C:/xampp8.1.17/htdocs/chatroom-app1/vendor/symfony/console/Command/Command.php(285): Symfony/Component/Console/Input/Input->bind(Object(Symfony/Component/Console/Input/InputDefinition))
#5 C:/xampp8.1.17/htdocs/chatroom-app1/vendor/laravel/framework/src/Illuminate/Console/Command.php(181): Symfony/Component/Console/Command/Command->run(Object(Symfony/Component/Console/Input/ArgvInput), Object(Illuminate/Console/OutputStyle))
#6 C:/xampp8.1.17/htdocs/chatroom-app1/vendor/symfony/console/Application.php(1121): Illuminate/Console/Command->run(Object(Symfony/Component/Console/Input/ArgvInput), Object(Symfony/Component/Console/Output/ConsoleOutput))
#7 C:/xampp8.1.17/htdocs/chatroom-app1/vendor/symfony/console/Application.php(324): Symfony/Component/Console/Application->doRunCommand(Object(Illuminate/Foundation/Console/ServeCommand), Object(Symfony/Component/Console/Input/ArgvInput), Object(Symfony/Component/Console/Output/ConsoleOutput))
#8 C:/xampp8.1.17/htdocs/chatroom-app1/vendor/symfony/console/Application.php(175): Symfony/Component/Console/Application->doRun(Object(Symfony/Component/Console/Input/ArgvInput), Object(Symfony/Component/Console/Output/ConsoleOutput))
#9 C:/xampp8.1.17/htdocs/chatroom-app1/vendor/laravel/framework/src/Illuminate/Foundation/Console/Kernel.php(201): Symfony/Component/Console/Application->run(Object(Symfony/Component/Console/Input/ArgvInput), Object(Symfony/Component/Console/Output/ConsoleOutput))
#10 C:/xampp8.1.17/htdocs/chatroom-app1/artisan(37): Illuminate/Foundation/Console/Kernel->handle(Object(Symfony/Component/Console/Input/ArgvInput), Object(Symfony/Component/Console/Output/ConsoleOutput))
#11 {main}
"} 
[2026-09-10 00:31:46] local.INFO: BroadcastServiceProvider booted  
[2026-09-10 00:31:46] local.ERROR: No arguments expected for "serve" command, got "127.0.0.1". {"exception":"[object] (Symfony\\Component\\Console\\Exception\\RuntimeException(code: 0): No arguments expected for \"serve\" command, got \"127.0.0.1\". at C:/xampp8.1.17/htdocs/chatroom-app1/vendor/symfony/console/Input/ArgvInput.php:195)
[stacktrace]
#0 C:/xampp8.1.17/htdocs/chatroom-app1/vendor/symfony/console/Input/ArgvInput.php(89): Symfony/Component/Console/Input/ArgvInput->parseArgument('127.0.0.1')
#1 C:/xampp8.1.17/htdocs/chatroom-app1/vendor/symfony/console/Input/ArgvInput.php(74): Symfony/Component/Console/Input/ArgvInput->parseToken('127.0.0.1', true)
#2 C:/xampp8.1.17/htdocs/chatroom-app1/vendor/symfony/console/Input/Input.php(56): Symfony/Component/Console/Input/ArgvInput->parse()
#3 C:/xampp8.1.17/htdocs/chatroom-app1/vendor/symfony/console/Command/Command.php(285): Symfony/Component/Console/Input/Input->bind(Object(Symfony/Component/Console/Input/InputDefinition))
#4 C:/xampp8.1.17/htdocs/chatroom-app1/vendor/laravel/framework/src/Illuminate/Console/Command.php(181): Symfony/Component/Console/Command/Command->run(Object(Symfony/Component/Console/Input/ArgvInput), Object(Illuminate/Console/OutputStyle))
#5 C:/xampp8.1.17/htdocs/chatroom-app1/vendor/symfony/console/Application.php(1121): Illuminate/Console/Command->run(Object(Symfony/Component/Console/Input/ArgvInput), Object(Symfony/Component/Console/Output/ConsoleOutput))
#6 C:/xampp8.1.17/htdocs/chatroom-app1/vendor/symfony/console/Application.php(324): Symfony/Component/Console/Application->doRunCommand(Object(Illuminate/Foundation/Console/ServeCommand), Object(Symfony/Component/Console/Input/ArgvInput), Object(Symfony/Component/Console/Output/ConsoleOutput))
#7 C:/xampp8.1.17/htdocs/chatroom-app1/vendor/symfony/console/Application.php(175): Symfony/Component/Console/Application->doRun(Object(Symfony/Component/Console/Input/ArgvInput), Object(Symfony/Component/Console/Output/ConsoleOutput))
#8 C:/xampp8.1.17/htdocs/chatroom-app1/vendor/laravel/framework/src/Illuminate/Foundation/Console/Kernel.php(201): Symfony/Component/Console/Application->run(Object(Symfony/Component/Console/Input/ArgvInput), Object(Symfony/Component/Console/Output/ConsoleOutput))
#9 C:/xampp8.1.17/htdocs/chatroom-app1/artisan(37): Illuminate/Foundation/Console/Kernel->handle(Object(Symfony/Component/Console/Input/ArgvInput), Object(Symfony/Component/Console/Output/ConsoleOutput))
#10 {main}
"} 
[2026-09-10 00:31:55] local.INFO: BroadcastServiceProvider booted  
[2026-09-10 00:44:34] local.INFO: BroadcastServiceProvider booted  
[2026-09-10 00:45:13] local.INFO: BroadcastServiceProvider booted  
[2026-09-10 00:45:13] local.INFO: BroadcastServiceProvider booted  
[2026-09-10 00:45:13] local.INFO: BroadcastServiceProvider booted  
[2026-09-10 00:45:24] local.INFO: BroadcastServiceProvider booted  
[2026-09-10 00:45:24] local.INFO: BroadcastServiceProvider booted  
[2026-09-10 00:45:24] local.INFO: Incoming body payload: {"participant":"singkamas"} 
[2026-09-10 00:45:25] local.INFO: BroadcastServiceProvider booted  
[2026-09-10 00:45:25] local.INFO: BroadcastServiceProvider booted  
[2026-09-10 00:45:25] local.INFO: BroadcastServiceProvider booted  
[2026-09-10 00:45:25] local.INFO: TYPING CHANNEL AUTH {"user_id":2,"user_name":"Bob","lobby_code":"ABC123"} 
[2026-09-10 00:45:25] local.INFO: BroadcastServiceProvider booted  
[2026-09-10 00:45:53] local.INFO: BroadcastServiceProvider booted  
[2026-09-10 00:45:54] local.INFO: BroadcastServiceProvider booted  
[2026-09-10 00:45:54] local.INFO: BroadcastServiceProvider booted  
[2026-09-10 00:45:59] local.INFO: BroadcastServiceProvider booted  
[2026-09-10 00:46:00] local.INFO: BroadcastServiceProvider booted  
[2026-09-10 00:46:00] local.INFO: BroadcastServiceProvider booted  
[2026-09-10 00:46:00] local.INFO: BroadcastServiceProvider booted  
[2026-09-10 00:46:01] local.INFO: BroadcastServiceProvider booted  
[2026-09-10 00:46:01] local.INFO: BroadcastServiceProvider booted  
[2026-09-10 00:46:02] local.INFO: BroadcastServiceProvider booted  
[2026-09-10 00:46:02] local.INFO: BroadcastServiceProvider booted  
[2026-09-10 00:46:09] local.INFO: BroadcastServiceProvider booted  
[2026-09-10 00:46:10] local.INFO: BroadcastServiceProvider booted  
[2026-09-10 00:46:10] local.INFO: Incoming body payload: {"participant":"kamatis"} 
[2026-09-10 00:46:11] local.INFO: BroadcastServiceProvider booted  
[2026-09-10 00:46:11] local.INFO: BroadcastServiceProvider booted  
[2026-09-10 00:46:11] local.INFO: TYPING CHANNEL AUTH {"user_id":1,"user_name":"Alice","lobby_code":"ABC123"} 
[2026-09-10 00:46:11] local.INFO: BroadcastServiceProvider booted  
[2026-09-10 00:46:12] local.INFO: BroadcastServiceProvider booted  
[2026-09-10 00:47:25] local.INFO: BroadcastServiceProvider booted  
[2026-09-10 00:47:26] local.INFO: BroadcastServiceProvider booted  
[2026-09-10 00:55:02] local.INFO: BroadcastServiceProvider booted  
[2026-09-10 00:55:02] local.INFO: BroadcastServiceProvider booted  
[2026-09-10 01:34:28] local.INFO: BroadcastServiceProvider booted  
[2026-09-10 01:34:28] local.INFO: BroadcastServiceProvider booted  
[2026-09-10 01:34:28] local.INFO: TYPING CHANNEL AUTH {"user_id":2,"user_name":"Bob","lobby_code":"ABC123"} 
[2026-09-10 01:54:45] local.INFO: BroadcastServiceProvider booted  
[2026-09-10 01:54:46] local.INFO: BroadcastServiceProvider booted  
[2026-09-10 01:54:46] local.INFO: TYPING CHANNEL AUTH {"user_id":2,"user_name":"Bob","lobby_code":"ABC123"} 
[2026-09-10 01:59:59] local.INFO: BroadcastServiceProvider booted  
[2026-09-10 01:59:59] local.INFO: BroadcastServiceProvider booted  
[2026-09-10 01:59:59] local.INFO: BroadcastServiceProvider booted  
[2026-09-10 02:00:19] local.INFO: BroadcastServiceProvider booted  
[2026-09-10 02:00:19] local.INFO: BroadcastServiceProvider booted  
[2026-09-10 02:00:19] local.INFO: Incoming body payload: {"participant":"KingSong"} 
[2026-09-10 02:00:20] local.INFO: BroadcastServiceProvider booted  
[2026-09-10 02:00:20] local.INFO: BroadcastServiceProvider booted  
[2026-09-10 02:00:20] local.INFO: TYPING CHANNEL AUTH {"user_id":1,"user_name":"Alice","lobby_code":"ABC123"} 
[2026-09-10 02:01:49] local.INFO: BroadcastServiceProvider booted  
[2026-09-10 02:01:49] local.INFO: BroadcastServiceProvider booted  
[2026-09-10 02:01:50] local.INFO: BroadcastServiceProvider booted  
[2026-09-10 02:01:50] local.INFO: BroadcastServiceProvider booted  
[2026-09-10 02:08:35] local.INFO: BroadcastServiceProvider booted  
[2026-09-10 02:08:36] local.INFO: BroadcastServiceProvider booted  
[2026-09-10 02:08:36] local.INFO: BroadcastServiceProvider booted  
[2026-09-10 02:08:37] local.INFO: BroadcastServiceProvider booted  
[2026-09-10 02:08:44] local.INFO: BroadcastServiceProvider booted  
[2026-09-10 02:08:45] local.INFO: BroadcastServiceProvider booted  
[2026-09-10 02:08:49] local.INFO: BroadcastServiceProvider booted  
[2026-09-10 02:08:49] local.INFO: BroadcastServiceProvider booted  
[2026-09-10 02:08:49] local.INFO: Incoming body payload: {"participant":"singkamas"} 
[2026-09-10 02:08:52] local.INFO: BroadcastServiceProvider booted  
[2026-09-10 02:08:52] local.INFO: BroadcastServiceProvider booted  
[2026-09-10 02:08:52] local.INFO: BroadcastServiceProvider booted  
[2026-09-10 02:08:52] local.INFO: TYPING CHANNEL AUTH {"user_id":2,"user_name":"Bob","lobby_code":"ABC123"} 
[2026-09-10 02:08:52] local.INFO: BroadcastServiceProvider booted  
[2026-09-10 02:09:09] local.INFO: BroadcastServiceProvider booted  
[2026-09-10 02:09:09] local.INFO: BroadcastServiceProvider booted  
[2026-09-10 02:09:22] local.INFO: BroadcastServiceProvider booted  
[2026-09-10 02:09:22] local.INFO: BroadcastServiceProvider booted  
[2026-09-10 02:09:22] local.INFO: Incoming body payload: {"participant":"mananabas"} 
[2026-09-10 02:09:23] local.INFO: BroadcastServiceProvider booted  
[2026-09-10 02:09:23] local.INFO: BroadcastServiceProvider booted  
[2026-09-10 02:09:24] local.INFO: BroadcastServiceProvider booted  
[2026-09-10 02:09:24] local.INFO: TYPING CHANNEL AUTH {"user_id":1,"user_name":"Alice","lobby_code":"ABC123"} 
[2026-09-10 02:09:24] local.INFO: BroadcastServiceProvider booted  
[2026-09-10 02:11:33] local.INFO: BroadcastServiceProvider booted  
[2026-09-10 02:11:34] local.INFO: BroadcastServiceProvider booted  
[2026-09-10 02:11:34] local.INFO: BroadcastServiceProvider booted  
[2026-09-10 02:11:40] local.INFO: BroadcastServiceProvider booted  
[2026-09-10 02:11:40] local.INFO: BroadcastServiceProvider booted  
[2026-09-10 02:11:40] local.INFO: Incoming body payload: {"participant":"singkamas"} 
[2026-09-10 02:11:41] local.INFO: BroadcastServiceProvider booted  
[2026-09-10 02:11:41] local.INFO: BroadcastServiceProvider booted  
[2026-09-10 02:11:41] local.INFO: BroadcastServiceProvider booted  
[2026-09-10 02:11:41] local.INFO: TYPING CHANNEL AUTH {"user_id":2,"user_name":"Bob","lobby_code":"ABC123"} 
[2026-09-10 02:11:41] local.INFO: BroadcastServiceProvider booted  
[2026-09-10 02:12:49] local.INFO: BroadcastServiceProvider booted  
[2026-09-10 02:12:50] local.INFO: BroadcastServiceProvider booted  
[2026-09-10 02:13:13] local.INFO: BroadcastServiceProvider booted  
[2026-09-10 02:13:13] local.INFO: BroadcastServiceProvider booted  
[2026-09-10 02:13:14] local.INFO: BroadcastServiceProvider booted  
[2026-09-10 02:13:27] local.INFO: BroadcastServiceProvider booted  
[2026-09-10 02:13:27] local.INFO: BroadcastServiceProvider booted  
[2026-09-10 02:13:27] local.INFO: BroadcastServiceProvider booted  
[2026-09-10 02:13:28] local.INFO: BroadcastServiceProvider booted  
[2026-09-10 02:13:40] local.INFO: BroadcastServiceProvider booted  
[2026-09-10 02:13:40] local.INFO: BroadcastServiceProvider booted  
[2026-09-10 02:13:40] local.INFO: Incoming body payload: {"participant":"mananalbos"} 
[2026-09-10 02:13:41] local.INFO: BroadcastServiceProvider booted  
[2026-09-10 02:13:41] local.INFO: BroadcastServiceProvider booted  
[2026-09-10 02:13:42] local.INFO: BroadcastServiceProvider booted  
[2026-09-10 02:13:42] local.INFO: TYPING CHANNEL AUTH {"user_id":1,"user_name":"Alice","lobby_code":"ABC123"} 
[2026-09-10 02:13:42] local.INFO: BroadcastServiceProvider booted  
[2026-09-10 02:15:49] local.INFO: BroadcastServiceProvider booted  
[2026-09-10 02:15:50] local.INFO: BroadcastServiceProvider booted  
[2026-09-10 02:15:55] local.INFO: BroadcastServiceProvider booted  
[2026-09-10 02:15:55] local.INFO: BroadcastServiceProvider booted  
[2026-09-10 02:56:36] local.INFO: BroadcastServiceProvider booted  
[2026-09-10 02:56:37] local.INFO: BroadcastServiceProvider booted  
[2026-09-10 02:56:37] local.INFO: BroadcastServiceProvider booted  
[2026-09-10 02:56:54] local.INFO: BroadcastServiceProvider booted  
[2026-09-10 02:56:54] local.INFO: BroadcastServiceProvider booted  
[2026-09-10 02:56:55] local.INFO: BroadcastServiceProvider booted  
[2026-09-10 02:56:55] local.INFO: BroadcastServiceProvider booted  
[2026-09-10 02:57:25] local.INFO: BroadcastServiceProvider booted  
[2026-09-10 02:57:25] local.INFO: BroadcastServiceProvider booted  
[2026-09-10 02:57:25] local.INFO: Incoming body payload: {"participant":"patatas"} 
[2026-09-10 02:57:26] local.INFO: BroadcastServiceProvider booted  
[2026-09-10 02:57:26] local.INFO: BroadcastServiceProvider booted  
[2026-09-10 02:57:26] local.INFO: TYPING CHANNEL AUTH {"user_id":1,"user_name":"Alice","lobby_code":"BCD123"} 
[2026-09-10 02:57:27] local.INFO: BroadcastServiceProvider booted  
[2026-09-10 02:57:27] local.INFO: BroadcastServiceProvider booted  
[2026-09-10 02:57:59] local.INFO: BroadcastServiceProvider booted  
[2026-09-10 02:57:59] local.INFO: BroadcastServiceProvider booted  
[2026-09-10 02:57:59] local.INFO: BroadcastServiceProvider booted  
[2026-09-10 02:58:00] local.INFO: BroadcastServiceProvider booted  
[2026-09-10 02:58:36] local.INFO: BroadcastServiceProvider booted  
[2026-09-10 02:58:36] local.INFO: BroadcastServiceProvider booted  
[2026-09-10 02:58:36] local.INFO: BroadcastServiceProvider booted  
[2026-09-10 02:58:49] local.INFO: BroadcastServiceProvider booted  
[2026-09-10 02:58:49] local.INFO: BroadcastServiceProvider booted  
[2026-09-10 02:58:49] local.INFO: Incoming body payload: {"participant":"kamote"} 
[2026-09-10 02:58:50] local.INFO: BroadcastServiceProvider booted  
[2026-09-10 02:58:50] local.INFO: BroadcastServiceProvider booted  
[2026-09-10 02:58:50] local.INFO: BroadcastServiceProvider booted  
[2026-09-10 02:58:50] local.INFO: TYPING CHANNEL AUTH {"user_id":2,"user_name":"Bob","lobby_code":"BCD123"} 
[2026-09-10 02:58:50] local.INFO: BroadcastServiceProvider booted  
[2026-09-10 02:59:07] local.INFO: BroadcastServiceProvider booted  
[2026-09-10 02:59:08] local.INFO: BroadcastServiceProvider booted  
[2026-09-10 02:59:34] local.INFO: BroadcastServiceProvider booted  
[2026-09-10 02:59:35] local.INFO: BroadcastServiceProvider booted  
[2026-09-10 03:00:27] local.INFO: BroadcastServiceProvider booted  
[2026-09-10 03:00:27] local.INFO: BroadcastServiceProvider booted  
[2026-09-10 03:00:27] local.INFO: BroadcastServiceProvider booted  
[2026-09-10 03:00:27] local.INFO: BroadcastServiceProvider booted  
[2026-09-10 03:00:27] local.INFO: TYPING CHANNEL AUTH {"user_id":1,"user_name":"Alice","lobby_code":"BCD123"} 
[2026-09-10 03:00:35] local.INFO: BroadcastServiceProvider booted  
[2026-09-10 03:00:35] local.INFO: BroadcastServiceProvider booted  
[2026-09-10 03:00:42] local.INFO: BroadcastServiceProvider booted  
[2026-09-10 03:00:42] local.INFO: BroadcastServiceProvider booted  
[2026-09-10 03:00:45] local.INFO: BroadcastServiceProvider booted  
[2026-09-10 03:00:45] local.INFO: BroadcastServiceProvider booted  
[2026-09-10 03:00:45] local.INFO: BroadcastServiceProvider booted  
[2026-09-10 03:00:46] local.INFO: BroadcastServiceProvider booted  
[2026-09-10 03:00:46] local.INFO: TYPING CHANNEL AUTH {"user_id":2,"user_name":"Bob","lobby_code":"BCD123"} 
[2026-09-10 03:01:08] local.INFO: BroadcastServiceProvider booted  
[2026-09-10 03:01:08] local.INFO: BroadcastServiceProvider booted  
[2026-09-10 03:01:48] local.INFO: BroadcastServiceProvider booted  
[2026-09-10 03:01:48] local.INFO: BroadcastServiceProvider booted  
[2026-09-10 03:01:48] local.INFO: Incoming body payload: {"participant":"kamote"} 
[2026-09-10 03:01:49] local.INFO: BroadcastServiceProvider booted  
[2026-09-10 03:01:49] local.INFO: BroadcastServiceProvider booted  
[2026-09-10 03:01:49] local.INFO: BroadcastServiceProvider booted  
[2026-09-10 03:01:49] local.INFO: TYPING CHANNEL AUTH {"user_id":2,"user_name":"Bob","lobby_code":"BCD123"} 
[2026-09-10 03:01:49] local.INFO: BroadcastServiceProvider booted  
[2026-09-10 03:09:18] local.INFO: BroadcastServiceProvider booted  
[2026-09-10 03:09:18] local.INFO: BroadcastServiceProvider booted  
[2026-09-10 03:09:18] local.INFO: BroadcastServiceProvider booted  
[2026-09-10 03:09:18] local.INFO: BroadcastServiceProvider booted  
[2026-09-10 03:09:32] local.INFO: BroadcastServiceProvider booted  
[2026-09-10 03:09:32] local.INFO: BroadcastServiceProvider booted  
[2026-09-10 03:09:32] local.INFO: TYPING CHANNEL AUTH {"user_id":1,"user_name":"Alice","lobby_code":"BCD123"} 
[2026-09-10 03:09:32] local.INFO: BroadcastServiceProvider booted  
[2026-09-10 03:09:32] local.INFO: BroadcastServiceProvider booted  
[2026-09-10 03:09:32] local.INFO: BroadcastServiceProvider booted  
[2026-09-10 03:09:32] local.INFO: BroadcastServiceProvider booted  
[2026-09-10 03:09:32] local.INFO: TYPING CHANNEL AUTH {"user_id":2,"user_name":"Bob","lobby_code":"BCD123"} 
[2026-09-10 03:09:33] local.INFO: BroadcastServiceProvider booted  
[2026-09-10 03:09:33] local.INFO: BroadcastServiceProvider booted  
[2026-09-10 03:10:02] local.INFO: BroadcastServiceProvider booted  
[2026-09-10 03:10:02] local.INFO: BroadcastServiceProvider booted  
[2026-09-10 03:10:03] local.INFO: BroadcastServiceProvider booted  
[2026-09-10 03:10:03] local.INFO: TYPING CHANNEL AUTH {"user_id":2,"user_name":"Bob","lobby_code":"BCD123"} 
[2026-09-10 03:10:03] local.INFO: BroadcastServiceProvider booted  
[2026-09-10 03:10:03] local.INFO: BroadcastServiceProvider booted  
[2026-09-10 03:10:03] local.INFO: TYPING CHANNEL AUTH {"user_id":1,"user_name":"Alice","lobby_code":"BCD123"} 
[2026-09-10 03:10:03] local.INFO: BroadcastServiceProvider booted  
[2026-09-10 03:10:03] local.INFO: BroadcastServiceProvider booted  
[2026-09-10 03:10:04] local.INFO: BroadcastServiceProvider booted  
[2026-09-10 03:10:04] local.INFO: BroadcastServiceProvider booted  
[2026-09-10 03:10:04] local.INFO: BroadcastServiceProvider booted  
[2026-09-10 03:10:04] local.INFO: TYPING CHANNEL AUTH {"user_id":1,"user_name":"Alice","lobby_code":"BCD123"} 
[2026-09-10 03:10:04] local.INFO: BroadcastServiceProvider booted  
[2026-09-10 03:10:04] local.INFO: BroadcastServiceProvider booted  
[2026-09-10 03:10:05] local.INFO: BroadcastServiceProvider booted  
[2026-09-10 03:10:05] local.INFO: BroadcastServiceProvider booted  
[2026-09-10 03:10:05] local.INFO: TYPING CHANNEL AUTH {"user_id":2,"user_name":"Bob","lobby_code":"BCD123"} 
[2026-09-10 03:10:05] local.INFO: BroadcastServiceProvider booted  
[2026-09-10 03:10:05] local.INFO: BroadcastServiceProvider booted  
[2026-09-10 03:10:05] local.INFO: BroadcastServiceProvider booted  
[2026-09-10 03:10:06] local.INFO: BroadcastServiceProvider booted  
[2026-09-10 03:10:06] local.INFO: BroadcastServiceProvider booted  
[2026-09-10 03:10:06] local.INFO: BroadcastServiceProvider booted  
[2026-09-10 03:10:06] local.INFO: TYPING CHANNEL AUTH {"user_id":1,"user_name":"Alice","lobby_code":"BCD123"} 
[2026-09-10 03:10:06] local.INFO: BroadcastServiceProvider booted  
[2026-09-10 03:10:06] local.INFO: BroadcastServiceProvider booted  
[2026-09-10 03:10:06] local.INFO: TYPING CHANNEL AUTH {"user_id":2,"user_name":"Bob","lobby_code":"BCD123"} 
[2026-09-10 03:10:06] local.INFO: BroadcastServiceProvider booted  
[2026-09-10 03:10:07] local.INFO: BroadcastServiceProvider booted  
[2026-09-10 03:10:10] local.INFO: BroadcastServiceProvider booted  
[2026-09-10 03:10:10] local.INFO: BroadcastServiceProvider booted  
[2026-09-10 03:10:10] local.INFO: TYPING CHANNEL AUTH {"user_id":1,"user_name":"Alice","lobby_code":"BCD123"} 
[2026-09-10 03:10:10] local.INFO: BroadcastServiceProvider booted  
[2026-09-10 03:10:10] local.INFO: BroadcastServiceProvider booted  
[2026-09-10 03:10:11] local.INFO: TYPING CHANNEL AUTH {"user_id":2,"user_name":"Bob","lobby_code":"BCD123"} 
[2026-09-10 03:22:29] local.INFO: BroadcastServiceProvider booted  
[2026-09-10 03:22:29] local.INFO: BroadcastServiceProvider booted  
[2026-09-10 03:23:20] local.INFO: BroadcastServiceProvider booted  
[2026-09-10 03:23:20] local.INFO: BroadcastServiceProvider booted  
[2026-09-10 03:23:20] local.INFO: Incoming body payload: {"participant":"batousai"} 
[2026-09-10 03:23:20] local.INFO: BroadcastServiceProvider booted  
[2026-09-10 03:23:21] local.INFO: BroadcastServiceProvider booted  
[2026-09-10 03:23:21] local.INFO: BroadcastServiceProvider booted  
[2026-09-10 03:23:21] local.INFO: TYPING CHANNEL AUTH {"user_id":2,"user_name":"Bob","lobby_code":"manila"} 
[2026-09-10 03:23:21] local.INFO: BroadcastServiceProvider booted  
[2026-09-10 03:29:34] local.INFO: BroadcastServiceProvider booted  
[2026-09-10 03:29:34] local.INFO: BroadcastServiceProvider booted  
[2026-09-10 03:29:43] local.INFO: BroadcastServiceProvider booted  
[2026-09-10 03:29:43] local.INFO: BroadcastServiceProvider booted  
[2026-09-10 03:29:44] local.INFO: BroadcastServiceProvider booted  
[2026-09-10 03:29:44] local.INFO: TYPING CHANNEL AUTH {"user_id":2,"user_name":"Bob","lobby_code":"manila"} 
[2026-09-10 03:29:44] local.INFO: BroadcastServiceProvider booted  
[2026-09-10 03:29:45] local.INFO: BroadcastServiceProvider booted  
[2026-09-10 03:29:45] local.INFO: BroadcastServiceProvider booted  
[2026-09-10 03:29:45] local.INFO: BroadcastServiceProvider booted  
[2026-09-10 03:29:45] local.INFO: TYPING CHANNEL AUTH {"user_id":2,"user_name":"Bob","lobby_code":"manila"} 
[2026-09-10 03:29:45] local.INFO: BroadcastServiceProvider booted  
[2026-09-10 03:29:47] local.INFO: BroadcastServiceProvider booted  
[2026-09-10 03:29:48] local.INFO: BroadcastServiceProvider booted  
[2026-09-10 03:29:48] local.INFO: BroadcastServiceProvider booted  
[2026-09-10 03:29:48] local.INFO: TYPING CHANNEL AUTH {"user_id":2,"user_name":"Bob","lobby_code":"manila"} 
[2026-09-10 03:29:48] local.INFO: BroadcastServiceProvider booted  
[2026-09-10 03:29:56] local.INFO: BroadcastServiceProvider booted  
[2026-09-10 03:29:56] local.INFO: BroadcastServiceProvider booted  
[2026-09-10 03:29:56] local.INFO: BroadcastServiceProvider booted  
[2026-09-10 03:29:57] local.INFO: TYPING CHANNEL AUTH {"user_id":2,"user_name":"Bob","lobby_code":"manila"} 
[2026-09-10 03:29:57] local.INFO: BroadcastServiceProvider booted  
[2026-09-10 03:29:57] local.INFO: BroadcastServiceProvider booted  
[2026-09-10 03:29:57] local.INFO: BroadcastServiceProvider booted  
[2026-09-10 03:29:58] local.INFO: BroadcastServiceProvider booted  
[2026-09-10 03:29:58] local.INFO: TYPING CHANNEL AUTH {"user_id":2,"user_name":"Bob","lobby_code":"manila"} 
[2026-09-10 03:29:58] local.INFO: BroadcastServiceProvider booted  
[2026-09-10 03:30:01] local.INFO: BroadcastServiceProvider booted  
[2026-09-10 03:30:01] local.INFO: BroadcastServiceProvider booted  
[2026-09-10 03:30:02] local.INFO: BroadcastServiceProvider booted  
[2026-09-10 03:30:02] local.INFO: TYPING CHANNEL AUTH {"user_id":2,"user_name":"Bob","lobby_code":"manila"} 
[2026-09-10 03:30:02] local.INFO: BroadcastServiceProvider booted  
[2026-09-10 03:30:20] local.INFO: BroadcastServiceProvider booted  
[2026-09-10 03:30:20] local.INFO: BroadcastServiceProvider booted  
[2026-09-10 03:30:20] local.INFO: BroadcastServiceProvider booted  
[2026-09-10 03:30:20] local.INFO: TYPING CHANNEL AUTH {"user_id":2,"user_name":"Bob","lobby_code":"manila"} 
[2026-09-10 03:30:20] local.INFO: BroadcastServiceProvider booted  
[2026-09-10 03:30:22] local.INFO: BroadcastServiceProvider booted  
[2026-09-10 03:30:22] local.INFO: BroadcastServiceProvider booted  
[2026-09-10 03:30:22] local.INFO: BroadcastServiceProvider booted  
[2026-09-10 03:30:23] local.INFO: TYPING CHANNEL AUTH {"user_id":2,"user_name":"Bob","lobby_code":"manila"} 
[2026-09-10 03:30:23] local.INFO: BroadcastServiceProvider booted  
[2026-09-10 03:30:24] local.INFO: BroadcastServiceProvider booted  
[2026-09-10 03:30:25] local.INFO: BroadcastServiceProvider booted  
[2026-09-10 03:30:25] local.INFO: BroadcastServiceProvider booted  
[2026-09-10 03:30:25] local.INFO: TYPING CHANNEL AUTH {"user_id":2,"user_name":"Bob","lobby_code":"manila"} 
[2026-09-10 03:30:25] local.INFO: BroadcastServiceProvider booted  
[2026-09-10 03:31:29] local.INFO: BroadcastServiceProvider booted  
[2026-09-10 03:31:29] local.INFO: BroadcastServiceProvider booted  
[2026-09-10 03:31:29] local.INFO: BroadcastServiceProvider booted  
[2026-09-10 03:31:29] local.INFO: TYPING CHANNEL AUTH {"user_id":2,"user_name":"Bob","lobby_code":"manila"} 
[2026-09-10 03:31:29] local.INFO: BroadcastServiceProvider booted  
[2026-09-10 03:31:30] local.INFO: BroadcastServiceProvider booted  
[2026-09-10 03:31:30] local.INFO: BroadcastServiceProvider booted  
[2026-09-10 03:31:31] local.INFO: BroadcastServiceProvider booted  
[2026-09-10 03:31:31] local.INFO: TYPING CHANNEL AUTH {"user_id":2,"user_name":"Bob","lobby_code":"manila"} 
[2026-09-10 03:31:31] local.INFO: BroadcastServiceProvider booted  
[2026-09-10 03:31:31] local.INFO: BroadcastServiceProvider booted  
[2026-09-10 03:31:31] local.INFO: BroadcastServiceProvider booted  
[2026-09-10 03:31:31] local.INFO: BroadcastServiceProvider booted  
[2026-09-10 03:31:31] local.INFO: TYPING CHANNEL AUTH {"user_id":2,"user_name":"Bob","lobby_code":"manila"} 
[2026-09-10 03:31:32] local.INFO: BroadcastServiceProvider booted  
[2026-09-10 03:31:34] local.INFO: BroadcastServiceProvider booted  
[2026-09-10 03:31:35] local.INFO: BroadcastServiceProvider booted  
[2026-09-10 03:31:35] local.INFO: BroadcastServiceProvider booted  
[2026-09-10 03:31:35] local.INFO: TYPING CHANNEL AUTH {"user_id":2,"user_name":"Bob","lobby_code":"manila"} 
[2026-09-10 03:31:35] local.INFO: BroadcastServiceProvider booted  
[2026-09-10 03:31:36] local.INFO: BroadcastServiceProvider booted  
[2026-09-10 03:31:36] local.INFO: BroadcastServiceProvider booted  
[2026-09-10 03:31:36] local.INFO: BroadcastServiceProvider booted  
[2026-09-10 03:31:36] local.INFO: TYPING CHANNEL AUTH {"user_id":2,"user_name":"Bob","lobby_code":"manila"} 
[2026-09-10 03:31:37] local.INFO: BroadcastServiceProvider booted  
[2026-09-10 03:31:49] local.INFO: BroadcastServiceProvider booted  
[2026-09-10 03:31:49] local.INFO: BroadcastServiceProvider booted  
[2026-09-10 03:31:49] local.INFO: BroadcastServiceProvider booted  
[2026-09-10 03:31:50] local.INFO: TYPING CHANNEL AUTH {"user_id":2,"user_name":"Bob","lobby_code":"manila"} 
[2026-09-10 03:31:50] local.INFO: BroadcastServiceProvider booted  
[2026-09-10 03:32:00] local.INFO: BroadcastServiceProvider booted  
[2026-09-10 03:32:00] local.INFO: BroadcastServiceProvider booted  
[2026-09-10 03:32:00] local.INFO: BroadcastServiceProvider booted  
[2026-09-10 03:32:00] local.INFO: TYPING CHANNEL AUTH {"user_id":2,"user_name":"Bob","lobby_code":"manila"} 
[2026-09-10 03:32:01] local.INFO: BroadcastServiceProvider booted  
[2026-09-10 03:32:02] local.INFO: BroadcastServiceProvider booted  
[2026-09-10 03:32:02] local.INFO: BroadcastServiceProvider booted  
[2026-09-10 03:32:02] local.INFO: BroadcastServiceProvider booted  
[2026-09-10 03:32:02] local.INFO: TYPING CHANNEL AUTH {"user_id":2,"user_name":"Bob","lobby_code":"manila"} 
[2026-09-10 03:32:02] local.INFO: BroadcastServiceProvider booted  
[2026-09-10 03:33:10] local.INFO: BroadcastServiceProvider booted  
[2026-09-10 03:33:10] local.INFO: BroadcastServiceProvider booted  
[2026-09-10 03:33:10] local.INFO: BroadcastServiceProvider booted  
[2026-09-10 03:33:10] local.INFO: TYPING CHANNEL AUTH {"user_id":2,"user_name":"Bob","lobby_code":"manila"} 
[2026-09-10 03:33:10] local.INFO: BroadcastServiceProvider booted  
[2026-09-10 03:33:12] local.INFO: BroadcastServiceProvider booted  
[2026-09-10 03:33:12] local.INFO: BroadcastServiceProvider booted  
[2026-09-10 03:33:12] local.INFO: BroadcastServiceProvider booted  
[2026-09-10 03:33:12] local.INFO: TYPING CHANNEL AUTH {"user_id":2,"user_name":"Bob","lobby_code":"manila"} 
[2026-09-10 03:33:12] local.INFO: BroadcastServiceProvider booted  
[2026-09-10 03:33:13] local.INFO: BroadcastServiceProvider booted  
[2026-09-10 03:33:13] local.INFO: BroadcastServiceProvider booted  
[2026-09-10 03:33:13] local.INFO: BroadcastServiceProvider booted  
[2026-09-10 03:33:13] local.INFO: TYPING CHANNEL AUTH {"user_id":2,"user_name":"Bob","lobby_code":"manila"} 
[2026-09-10 03:33:13] local.INFO: BroadcastServiceProvider booted  
[2026-09-10 03:33:17] local.INFO: BroadcastServiceProvider booted  
[2026-09-10 03:33:18] local.INFO: BroadcastServiceProvider booted  
[2026-09-10 03:33:18] local.INFO: BroadcastServiceProvider booted  
[2026-09-10 03:33:18] local.INFO: TYPING CHANNEL AUTH {"user_id":2,"user_name":"Bob","lobby_code":"manila"} 
[2026-09-10 03:33:18] local.INFO: BroadcastServiceProvider booted  
[2026-09-10 03:33:21] local.INFO: BroadcastServiceProvider booted  
[2026-09-10 03:33:21] local.INFO: BroadcastServiceProvider booted  
[2026-09-10 03:33:21] local.INFO: BroadcastServiceProvider booted  
[2026-09-10 03:33:21] local.INFO: TYPING CHANNEL AUTH {"user_id":2,"user_name":"Bob","lobby_code":"manila"} 
[2026-09-10 03:33:21] local.INFO: BroadcastServiceProvider booted  
[2026-09-10 03:34:31] local.INFO: BroadcastServiceProvider booted  
[2026-09-10 03:34:31] local.INFO: BroadcastServiceProvider booted  
[2026-09-10 03:34:31] local.INFO: BroadcastServiceProvider booted  
[2026-09-10 03:34:31] local.INFO: TYPING CHANNEL AUTH {"user_id":2,"user_name":"Bob","lobby_code":"manila"} 
[2026-09-10 03:34:31] local.INFO: BroadcastServiceProvider booted  
[2026-09-10 03:34:32] local.INFO: BroadcastServiceProvider booted  
[2026-09-10 03:34:32] local.INFO: BroadcastServiceProvider booted  
[2026-09-10 03:34:32] local.INFO: BroadcastServiceProvider booted  
[2026-09-10 03:34:32] local.INFO: TYPING CHANNEL AUTH {"user_id":2,"user_name":"Bob","lobby_code":"manila"} 
[2026-09-10 03:34:32] local.INFO: BroadcastServiceProvider booted  
[2026-09-10 03:34:33] local.INFO: BroadcastServiceProvider booted  
[2026-09-10 03:34:33] local.INFO: BroadcastServiceProvider booted  
[2026-09-10 03:34:34] local.INFO: BroadcastServiceProvider booted  
[2026-09-10 03:34:34] local.INFO: TYPING CHANNEL AUTH {"user_id":2,"user_name":"Bob","lobby_code":"manila"} 
[2026-09-10 03:34:34] local.INFO: BroadcastServiceProvider booted  
[2026-09-10 03:34:52] local.INFO: BroadcastServiceProvider booted  
[2026-09-10 03:34:53] local.INFO: BroadcastServiceProvider booted  
[2026-09-10 03:34:53] local.INFO: BroadcastServiceProvider booted  
[2026-09-10 03:34:53] local.INFO: TYPING CHANNEL AUTH {"user_id":2,"user_name":"Bob","lobby_code":"manila"} 
[2026-09-10 03:34:53] local.INFO: BroadcastServiceProvider booted  
[2026-09-10 03:35:38] local.INFO: BroadcastServiceProvider booted  
[2026-09-10 03:35:38] local.INFO: BroadcastServiceProvider booted  
[2026-09-10 03:35:55] local.INFO: BroadcastServiceProvider booted  
[2026-09-10 03:35:55] local.INFO: BroadcastServiceProvider booted  
[2026-09-10 03:35:56] local.INFO: Incoming body payload: {"participant":"batousai"} 
[2026-09-10 03:35:56] local.INFO: BroadcastServiceProvider booted  
[2026-09-10 03:35:56] local.INFO: BroadcastServiceProvider booted  
[2026-09-10 03:35:56] local.INFO: BroadcastServiceProvider booted  
[2026-09-10 03:35:56] local.INFO: TYPING CHANNEL AUTH {"user_id":2,"user_name":"Bob","lobby_code":"Random1234"} 
[2026-09-10 03:35:56] local.INFO: BroadcastServiceProvider booted  
[2026-09-10 03:36:50] local.INFO: BroadcastServiceProvider booted  
[2026-09-10 03:36:51] local.INFO: BroadcastServiceProvider booted  
[2026-09-10 03:36:52] local.INFO: BroadcastServiceProvider booted  
[2026-09-10 03:36:53] local.INFO: BroadcastServiceProvider booted  
[2026-09-10 03:36:53] local.INFO: BroadcastServiceProvider booted  
[2026-09-10 03:36:53] local.INFO: TYPING CHANNEL AUTH {"user_id":2,"user_name":"Bob","lobby_code":"Random1234"} 
[2026-09-10 03:36:53] local.INFO: BroadcastServiceProvider booted  
[2026-09-10 03:36:55] local.INFO: BroadcastServiceProvider booted  
[2026-09-10 03:36:55] local.INFO: BroadcastServiceProvider booted  
[2026-09-10 03:36:55] local.INFO: BroadcastServiceProvider booted  
[2026-09-10 03:36:56] local.INFO: TYPING CHANNEL AUTH {"user_id":2,"user_name":"Bob","lobby_code":"Random1234"} 
[2026-09-10 03:36:56] local.INFO: BroadcastServiceProvider booted  
[2026-09-10 03:36:56] local.INFO: BroadcastServiceProvider booted  
[2026-09-10 03:36:56] local.INFO: BroadcastServiceProvider booted  
[2026-09-10 03:36:56] local.INFO: BroadcastServiceProvider booted  
[2026-09-10 03:36:57] local.INFO: TYPING CHANNEL AUTH {"user_id":2,"user_name":"Bob","lobby_code":"Random1234"} 
[2026-09-10 03:36:57] local.INFO: BroadcastServiceProvider booted  
[2026-09-10 03:36:59] local.INFO: BroadcastServiceProvider booted  
[2026-09-10 03:36:59] local.INFO: BroadcastServiceProvider booted  
[2026-09-10 03:36:59] local.INFO: BroadcastServiceProvider booted  
[2026-09-10 03:36:59] local.INFO: TYPING CHANNEL AUTH {"user_id":2,"user_name":"Bob","lobby_code":"Random1234"} 
[2026-09-10 03:37:00] local.INFO: BroadcastServiceProvider booted  
[2026-09-10 03:37:00] local.INFO: BroadcastServiceProvider booted  
[2026-09-10 03:37:00] local.INFO: BroadcastServiceProvider booted  
[2026-09-10 03:37:01] local.INFO: BroadcastServiceProvider booted  
[2026-09-10 03:37:01] local.INFO: TYPING CHANNEL AUTH {"user_id":2,"user_name":"Bob","lobby_code":"Random1234"} 
[2026-09-10 03:37:01] local.INFO: BroadcastServiceProvider booted  
[2026-09-10 03:37:01] local.INFO: BroadcastServiceProvider booted  
[2026-09-10 03:37:02] local.INFO: BroadcastServiceProvider booted  
[2026-09-10 03:37:02] local.INFO: BroadcastServiceProvider booted  
[2026-09-10 03:37:02] local.INFO: TYPING CHANNEL AUTH {"user_id":2,"user_name":"Bob","lobby_code":"Random1234"} 
[2026-09-10 03:37:02] local.INFO: BroadcastServiceProvider booted  
[2026-09-10 03:37:06] local.INFO: BroadcastServiceProvider booted  
[2026-09-10 03:37:06] local.INFO: BroadcastServiceProvider booted  
[2026-09-10 03:37:07] local.INFO: BroadcastServiceProvider booted  
[2026-09-10 03:37:07] local.INFO: TYPING CHANNEL AUTH {"user_id":2,"user_name":"Bob","lobby_code":"Random1234"} 
[2026-09-10 03:37:07] local.INFO: BroadcastServiceProvider booted  
[2026-09-10 03:37:16] local.INFO: BroadcastServiceProvider booted  
[2026-09-10 03:37:16] local.INFO: BroadcastServiceProvider booted  
[2026-09-10 03:37:16] local.INFO: BroadcastServiceProvider booted  
[2026-09-10 03:37:16] local.INFO: TYPING CHANNEL AUTH {"user_id":2,"user_name":"Bob","lobby_code":"Random1234"} 
[2026-09-10 03:37:17] local.INFO: BroadcastServiceProvider booted  
[2026-09-10 03:37:18] local.INFO: BroadcastServiceProvider booted  
[2026-09-10 03:37:18] local.INFO: BroadcastServiceProvider booted  
[2026-09-10 03:37:19] local.INFO: BroadcastServiceProvider booted  
[2026-09-10 03:37:19] local.INFO: TYPING CHANNEL AUTH {"user_id":2,"user_name":"Bob","lobby_code":"Random1234"} 
[2026-09-10 03:37:19] local.INFO: BroadcastServiceProvider booted  
[2026-09-10 03:37:23] local.INFO: BroadcastServiceProvider booted  
[2026-09-10 03:37:23] local.INFO: BroadcastServiceProvider booted  
[2026-09-10 03:37:23] local.INFO: BroadcastServiceProvider booted  
[2026-09-10 03:37:23] local.INFO: TYPING CHANNEL AUTH {"user_id":2,"user_name":"Bob","lobby_code":"Random1234"} 
[2026-09-10 03:37:23] local.INFO: BroadcastServiceProvider booted  
[2026-09-10 03:37:24] local.INFO: BroadcastServiceProvider booted  
[2026-09-10 03:37:24] local.INFO: BroadcastServiceProvider booted  
[2026-09-10 03:37:25] local.INFO: BroadcastServiceProvider booted  
[2026-09-10 03:37:25] local.INFO: TYPING CHANNEL AUTH {"user_id":2,"user_name":"Bob","lobby_code":"Random1234"} 
[2026-09-10 03:37:25] local.INFO: BroadcastServiceProvider booted  
[2026-09-10 03:37:27] local.INFO: BroadcastServiceProvider booted  
[2026-09-10 03:37:28] local.INFO: BroadcastServiceProvider booted  
[2026-09-10 03:37:28] local.INFO: BroadcastServiceProvider booted  
[2026-09-10 03:37:28] local.INFO: TYPING CHANNEL AUTH {"user_id":2,"user_name":"Bob","lobby_code":"Random1234"} 
[2026-09-10 03:37:28] local.INFO: BroadcastServiceProvider booted  
[2026-09-10 03:37:30] local.INFO: BroadcastServiceProvider booted  
[2026-09-10 03:37:30] local.INFO: BroadcastServiceProvider booted  
[2026-09-10 03:37:30] local.INFO: BroadcastServiceProvider booted  
[2026-09-10 03:37:30] local.INFO: TYPING CHANNEL AUTH {"user_id":2,"user_name":"Bob","lobby_code":"Random1234"} 
[2026-09-10 03:37:31] local.INFO: BroadcastServiceProvider booted  
[2026-09-10 03:37:31] local.INFO: BroadcastServiceProvider booted  
[2026-09-10 03:37:32] local.INFO: BroadcastServiceProvider booted  
[2026-09-10 03:37:32] local.INFO: BroadcastServiceProvider booted  
[2026-09-10 03:37:32] local.INFO: TYPING CHANNEL AUTH {"user_id":2,"user_name":"Bob","lobby_code":"Random1234"} 
[2026-09-10 03:37:32] local.INFO: BroadcastServiceProvider booted  
[2026-09-10 03:37:34] local.INFO: BroadcastServiceProvider booted  
[2026-09-10 03:37:34] local.INFO: BroadcastServiceProvider booted  
[2026-09-10 03:37:34] local.INFO: BroadcastServiceProvider booted  
[2026-09-10 03:37:34] local.INFO: TYPING CHANNEL AUTH {"user_id":2,"user_name":"Bob","lobby_code":"Random1234"} 
[2026-09-10 03:37:34] local.INFO: BroadcastServiceProvider booted  
[2026-09-10 03:37:38] local.INFO: BroadcastServiceProvider booted  
[2026-09-10 03:37:38] local.INFO: BroadcastServiceProvider booted  
[2026-09-10 03:37:38] local.INFO: BroadcastServiceProvider booted  
[2026-09-10 03:37:38] local.INFO: TYPING CHANNEL AUTH {"user_id":2,"user_name":"Bob","lobby_code":"Random1234"} 
[2026-09-10 03:37:38] local.INFO: BroadcastServiceProvider booted  
[2026-09-10 03:37:39] local.INFO: BroadcastServiceProvider booted  
[2026-09-10 03:37:40] local.INFO: BroadcastServiceProvider booted  
[2026-09-10 03:37:40] local.INFO: BroadcastServiceProvider booted  
[2026-09-10 03:37:40] local.INFO: TYPING CHANNEL AUTH {"user_id":2,"user_name":"Bob","lobby_code":"Random1234"} 
[2026-09-10 03:37:40] local.INFO: BroadcastServiceProvider booted  
[2026-09-10 03:37:42] local.INFO: BroadcastServiceProvider booted  
[2026-09-10 03:37:43] local.INFO: BroadcastServiceProvider booted  
[2026-09-10 03:37:43] local.INFO: BroadcastServiceProvider booted  
[2026-09-10 03:37:43] local.INFO: TYPING CHANNEL AUTH {"user_id":2,"user_name":"Bob","lobby_code":"Random1234"} 
[2026-09-10 03:37:43] local.INFO: BroadcastServiceProvider booted  
[2026-09-10 03:37:44] local.INFO: BroadcastServiceProvider booted  
[2026-09-10 03:37:44] local.INFO: BroadcastServiceProvider booted  
[2026-09-10 03:37:44] local.INFO: BroadcastServiceProvider booted  
[2026-09-10 03:37:44] local.INFO: TYPING CHANNEL AUTH {"user_id":2,"user_name":"Bob","lobby_code":"Random1234"} 
[2026-09-10 03:37:44] local.INFO: BroadcastServiceProvider booted  
[2026-09-10 03:37:47] local.INFO: BroadcastServiceProvider booted  
[2026-09-10 03:37:47] local.INFO: BroadcastServiceProvider booted  
[2026-09-10 03:37:47] local.INFO: BroadcastServiceProvider booted  
[2026-09-10 03:37:47] local.INFO: TYPING CHANNEL AUTH {"user_id":2,"user_name":"Bob","lobby_code":"Random1234"} 
[2026-09-10 03:37:47] local.INFO: BroadcastServiceProvider booted  
[2026-09-10 03:37:50] local.INFO: BroadcastServiceProvider booted  
[2026-09-10 03:37:50] local.INFO: BroadcastServiceProvider booted  
[2026-09-10 03:37:50] local.INFO: BroadcastServiceProvider booted  
[2026-09-10 03:37:50] local.INFO: TYPING CHANNEL AUTH {"user_id":2,"user_name":"Bob","lobby_code":"Random1234"} 
[2026-09-10 03:37:50] local.INFO: BroadcastServiceProvider booted  
[2026-09-10 03:37:57] local.INFO: BroadcastServiceProvider booted  
[2026-09-10 03:37:58] local.INFO: BroadcastServiceProvider booted  
[2026-09-10 03:37:58] local.INFO: BroadcastServiceProvider booted  
[2026-09-10 03:37:58] local.INFO: TYPING CHANNEL AUTH {"user_id":2,"user_name":"Bob","lobby_code":"Random1234"} 
[2026-09-10 03:37:58] local.INFO: BroadcastServiceProvider booted  
[2026-09-10 03:38:02] local.INFO: BroadcastServiceProvider booted  
[2026-09-10 03:38:02] local.INFO: BroadcastServiceProvider booted  
[2026-09-10 03:38:02] local.INFO: BroadcastServiceProvider booted  
[2026-09-10 03:38:02] local.INFO: TYPING CHANNEL AUTH {"user_id":2,"user_name":"Bob","lobby_code":"Random1234"} 
[2026-09-10 03:38:02] local.INFO: BroadcastServiceProvider booted  
[2026-09-10 03:38:06] local.INFO: BroadcastServiceProvider booted  
[2026-09-10 03:38:06] local.INFO: BroadcastServiceProvider booted  
[2026-09-10 03:38:07] local.INFO: BroadcastServiceProvider booted  
[2026-09-10 03:38:07] local.INFO: TYPING CHANNEL AUTH {"user_id":2,"user_name":"Bob","lobby_code":"Random1234"} 
[2026-09-10 03:38:07] local.INFO: BroadcastServiceProvider booted  
[2026-09-10 03:38:07] local.INFO: BroadcastServiceProvider booted  
[2026-09-10 03:38:08] local.INFO: BroadcastServiceProvider booted  
[2026-09-10 03:38:08] local.INFO: BroadcastServiceProvider booted  
[2026-09-10 03:38:08] local.INFO: TYPING CHANNEL AUTH {"user_id":2,"user_name":"Bob","lobby_code":"Random1234"} 
[2026-09-10 03:38:08] local.INFO: BroadcastServiceProvider booted  
[2026-09-10 03:38:09] local.INFO: BroadcastServiceProvider booted  
[2026-09-10 03:38:10] local.INFO: BroadcastServiceProvider booted  
[2026-09-10 03:38:10] local.INFO: BroadcastServiceProvider booted  
[2026-09-10 03:38:10] local.INFO: TYPING CHANNEL AUTH {"user_id":2,"user_name":"Bob","lobby_code":"Random1234"} 
[2026-09-10 03:38:10] local.INFO: BroadcastServiceProvider booted  
[2026-09-10 03:38:14] local.INFO: BroadcastServiceProvider booted  
[2026-09-10 03:38:14] local.INFO: BroadcastServiceProvider booted  
[2026-09-10 03:38:14] local.INFO: BroadcastServiceProvider booted  
[2026-09-10 03:38:14] local.INFO: TYPING CHANNEL AUTH {"user_id":2,"user_name":"Bob","lobby_code":"Random1234"} 
[2026-09-10 03:38:14] local.INFO: BroadcastServiceProvider booted  
[2026-09-10 03:38:25] local.INFO: BroadcastServiceProvider booted  
[2026-09-10 03:38:25] local.INFO: BroadcastServiceProvider booted  
[2026-09-10 03:38:25] local.INFO: BroadcastServiceProvider booted  
[2026-09-10 03:38:25] local.INFO: TYPING CHANNEL AUTH {"user_id":2,"user_name":"Bob","lobby_code":"Random1234"} 
[2026-09-10 03:38:25] local.INFO: BroadcastServiceProvider booted  
[2026-09-10 03:38:30] local.INFO: BroadcastServiceProvider booted  
[2026-09-10 03:38:31] local.INFO: BroadcastServiceProvider booted  
[2026-09-10 03:38:31] local.INFO: BroadcastServiceProvider booted  
[2026-09-10 03:38:31] local.INFO: TYPING CHANNEL AUTH {"user_id":2,"user_name":"Bob","lobby_code":"Random1234"} 
[2026-09-10 03:38:31] local.INFO: BroadcastServiceProvider booted  
[2026-09-10 03:38:32] local.INFO: BroadcastServiceProvider booted  
[2026-09-10 03:38:32] local.INFO: BroadcastServiceProvider booted  
[2026-09-10 03:38:32] local.INFO: BroadcastServiceProvider booted  
[2026-09-10 03:38:32] local.INFO: TYPING CHANNEL AUTH {"user_id":2,"user_name":"Bob","lobby_code":"Random1234"} 
[2026-09-10 03:38:32] local.INFO: BroadcastServiceProvider booted  
[2026-09-10 03:38:35] local.INFO: BroadcastServiceProvider booted  
[2026-09-10 03:38:35] local.INFO: BroadcastServiceProvider booted  
[2026-09-10 03:38:36] local.INFO: BroadcastServiceProvider booted  
[2026-09-10 03:38:36] local.INFO: TYPING CHANNEL AUTH {"user_id":2,"user_name":"Bob","lobby_code":"Random1234"} 
[2026-09-10 03:38:36] local.INFO: BroadcastServiceProvider booted  
[2026-09-10 03:38:36] local.INFO: BroadcastServiceProvider booted  
[2026-09-10 03:38:36] local.INFO: BroadcastServiceProvider booted  
[2026-09-10 03:38:37] local.INFO: BroadcastServiceProvider booted  
[2026-09-10 03:38:37] local.INFO: TYPING CHANNEL AUTH {"user_id":2,"user_name":"Bob","lobby_code":"Random1234"} 
[2026-09-10 03:38:37] local.INFO: BroadcastServiceProvider booted  
[2026-09-10 03:38:37] local.INFO: BroadcastServiceProvider booted  
[2026-09-10 03:38:37] local.INFO: BroadcastServiceProvider booted  
[2026-09-10 03:38:37] local.INFO: BroadcastServiceProvider booted  
[2026-09-10 03:38:37] local.INFO: TYPING CHANNEL AUTH {"user_id":2,"user_name":"Bob","lobby_code":"Random1234"} 
[2026-09-10 03:38:38] local.INFO: BroadcastServiceProvider booted  
[2026-09-10 03:38:39] local.INFO: BroadcastServiceProvider booted  
[2026-09-10 03:38:39] local.INFO: BroadcastServiceProvider booted  
[2026-09-10 03:38:39] local.INFO: BroadcastServiceProvider booted  
[2026-09-10 03:38:39] local.INFO: TYPING CHANNEL AUTH {"user_id":2,"user_name":"Bob","lobby_code":"Random1234"} 
[2026-09-10 03:38:39] local.INFO: BroadcastServiceProvider booted  
[2026-09-10 03:38:41] local.INFO: BroadcastServiceProvider booted  
[2026-09-10 03:38:41] local.INFO: BroadcastServiceProvider booted  
[2026-09-10 03:38:42] local.INFO: BroadcastServiceProvider booted  
[2026-09-10 03:38:42] local.INFO: TYPING CHANNEL AUTH {"user_id":2,"user_name":"Bob","lobby_code":"Random1234"} 
[2026-09-10 03:38:42] local.INFO: BroadcastServiceProvider booted  
[2026-09-10 03:38:43] local.INFO: BroadcastServiceProvider booted  
[2026-09-10 03:38:43] local.INFO: BroadcastServiceProvider booted  
[2026-09-10 03:38:43] local.INFO: BroadcastServiceProvider booted  
[2026-09-10 03:38:44] local.INFO: TYPING CHANNEL AUTH {"user_id":2,"user_name":"Bob","lobby_code":"Random1234"} 
[2026-09-10 03:38:44] local.INFO: BroadcastServiceProvider booted  
[2026-09-10 03:38:44] local.INFO: BroadcastServiceProvider booted  
[2026-09-10 03:38:45] local.INFO: BroadcastServiceProvider booted  
[2026-09-10 03:38:45] local.INFO: BroadcastServiceProvider booted  
[2026-09-10 03:38:45] local.INFO: TYPING CHANNEL AUTH {"user_id":2,"user_name":"Bob","lobby_code":"Random1234"} 
[2026-09-10 03:38:45] local.INFO: BroadcastServiceProvider booted  
[2026-09-10 03:38:46] local.INFO: BroadcastServiceProvider booted  
[2026-09-10 03:38:47] local.INFO: BroadcastServiceProvider booted  
[2026-09-10 03:38:47] local.INFO: BroadcastServiceProvider booted  
[2026-09-10 03:38:47] local.INFO: TYPING CHANNEL AUTH {"user_id":2,"user_name":"Bob","lobby_code":"Random1234"} 
[2026-09-10 03:38:47] local.INFO: BroadcastServiceProvider booted  
[2026-09-10 03:39:04] local.INFO: BroadcastServiceProvider booted  
[2026-09-10 03:39:04] local.INFO: BroadcastServiceProvider booted  
[2026-09-10 03:39:04] local.INFO: BroadcastServiceProvider booted  
[2026-09-10 03:39:04] local.INFO: TYPING CHANNEL AUTH {"user_id":2,"user_name":"Bob","lobby_code":"Random1234"} 
[2026-09-10 03:39:05] local.INFO: BroadcastServiceProvider booted  
[2026-09-10 03:39:06] local.INFO: BroadcastServiceProvider booted  
[2026-09-10 03:39:06] local.INFO: BroadcastServiceProvider booted  
[2026-09-10 03:39:06] local.INFO: BroadcastServiceProvider booted  
[2026-09-10 03:39:06] local.INFO: TYPING CHANNEL AUTH {"user_id":2,"user_name":"Bob","lobby_code":"Random1234"} 
[2026-09-10 03:39:06] local.INFO: BroadcastServiceProvider booted  
[2026-09-10 03:39:08] local.INFO: BroadcastServiceProvider booted  
[2026-09-10 03:39:08] local.INFO: BroadcastServiceProvider booted  
[2026-09-10 03:39:08] local.INFO: BroadcastServiceProvider booted  
[2026-09-10 03:39:09] local.INFO: TYPING CHANNEL AUTH {"user_id":2,"user_name":"Bob","lobby_code":"Random1234"} 
[2026-09-10 03:39:09] local.INFO: BroadcastServiceProvider booted  
[2026-09-10 03:39:11] local.INFO: BroadcastServiceProvider booted  
[2026-09-10 03:39:11] local.INFO: BroadcastServiceProvider booted  
[2026-09-10 03:39:11] local.INFO: BroadcastServiceProvider booted  
[2026-09-10 03:39:11] local.INFO: TYPING CHANNEL AUTH {"user_id":2,"user_name":"Bob","lobby_code":"Random1234"} 
[2026-09-10 03:39:12] local.INFO: BroadcastServiceProvider booted  
[2026-09-10 03:39:13] local.INFO: BroadcastServiceProvider booted  
[2026-09-10 03:39:13] local.INFO: BroadcastServiceProvider booted  
[2026-09-10 03:39:13] local.INFO: BroadcastServiceProvider booted  
[2026-09-10 03:39:13] local.INFO: TYPING CHANNEL AUTH {"user_id":2,"user_name":"Bob","lobby_code":"Random1234"} 
[2026-09-10 03:39:13] local.INFO: BroadcastServiceProvider booted  
[2026-09-10 03:39:18] local.INFO: BroadcastServiceProvider booted  
[2026-09-10 03:39:18] local.INFO: BroadcastServiceProvider booted  
[2026-09-10 03:39:32] local.INFO: BroadcastServiceProvider booted  
[2026-09-10 03:39:32] local.INFO: BroadcastServiceProvider booted  
[2026-09-10 03:39:32] local.INFO: Incoming body payload: {"participant":"jkkjjkjk"} 
[2026-09-10 03:39:33] local.INFO: BroadcastServiceProvider booted  
[2026-09-10 03:39:33] local.INFO: BroadcastServiceProvider booted  
[2026-09-10 03:39:33] local.INFO: BroadcastServiceProvider booted  
[2026-09-10 03:39:33] local.INFO: TYPING CHANNEL AUTH {"user_id":2,"user_name":"Bob","lobby_code":"ANMNMN"} 
[2026-09-10 03:39:33] local.INFO: BroadcastServiceProvider booted  
[2026-09-10 03:47:52] local.INFO: BroadcastServiceProvider booted  
[2026-09-10 03:47:52] local.INFO: BroadcastServiceProvider booted  
[2026-09-10 03:47:52] local.INFO: BroadcastServiceProvider booted  
[2026-09-10 03:47:52] local.INFO: BroadcastServiceProvider booted  
[2026-09-10 03:47:52] local.INFO: BroadcastServiceProvider booted  
[2026-09-10 03:47:52] local.INFO: BroadcastServiceProvider booted  
[2026-09-10 03:47:52] local.INFO: BroadcastServiceProvider booted  
[2026-09-10 03:47:52] local.INFO: BroadcastServiceProvider booted  
[2026-09-10 03:48:04] local.INFO: BroadcastServiceProvider booted  
[2026-09-10 03:48:04] local.INFO: BroadcastServiceProvider booted  
[2026-09-10 03:48:50] local.INFO: BroadcastServiceProvider booted  
[2026-09-10 03:48:50] local.INFO: BroadcastServiceProvider booted  
[2026-09-10 03:48:57] local.INFO: BroadcastServiceProvider booted  
[2026-09-10 03:49:50] local.INFO: BroadcastServiceProvider booted  
[2026-09-10 03:49:50] local.INFO: BroadcastServiceProvider booted  
[2026-09-10 03:50:50] local.INFO: BroadcastServiceProvider booted  
[2026-09-10 03:51:50] local.INFO: BroadcastServiceProvider booted  
[2026-09-10 03:52:50] local.INFO: BroadcastServiceProvider booted  
[2026-09-10 03:52:51] local.INFO: BroadcastServiceProvider booted  
